day,steps,id,recovery_group
0,338.4817634418583,0,0
1,792.7721249649511,0,0
2,701.4835081494601,0,0
3,-409.96154114599227,0,0
4,196.58992424743914,0,0
5,76.18882149556258,0,0
6,-352.74288174780094,0,0
7,87.76676201861494,0,0
8,95.96722476932581,0,0
9,142.72460930549596,0,0
10,965.62883043728,0,0
11,-438.430136678562,0,0
12,-772.3320887926551,0,0
13,247.2340254145078,0,0
14,-499.8226739451787,0,0
15,-87.33356211237144,0,0
16,-46.474134095991246,0,0
17,-216.02949616267898,0,0
18,575.7681130868541,0,0
19,531.1969034546763,0,0
20,114.65871703335299,0,0
21,-550.3276886585485,0,0
22,-118.67551324555615,0,0
23,-500.94621419806555,0,0
24,-364.4270278424418,0,0
25,73.81762188285629,0,0
26,-84.70086220990483,0,0
27,449.45448448489526,0,0
28,-803.5268319927451,0,0
29,-38.01963471589227,0,0
30,587.1201515836476,0,0
31,273.4488955360112,0,0
32,-444.39428452370976,0,0
33,498.59893155842485,0,0
34,395.4728520988969,0,0
35,514.8402164795787,0,0
36,932.8754928551858,0,0
37,-8.78548440171074,0,0
38,-305.8554507921764,0,0
39,-369.029480920658,0,0
40,203.01501522349034,0,0
41,-130.07129674130456,0,0
42,-39.39046114203662,0,0
43,-38.777981078351594,0,0
44,-33.586862972636176,0,0
45,683.5371595841139,0,0
46,-288.21260814623,0,0
47,-72.41020397288602,0,0
48,50.47858065928692,0,0
49,-54.261270204980576,0,0
50,78.66950430073861,0,0
51,1330.1886806059201,0,0
52,-81.7818299243834,0,0
53,-284.6152509791457,0,0
54,-219.5165758222352,0,0
55,152.44659919478113,0,0
56,239.71448797896022,0,0
57,39.35301892614302,0,0
58,213.9305048219813,0,0
59,-40.224384731232504,0,0
60,-186.6360763762861,0,0
61,-446.9832312986973,0,0
62,-261.3548363765767,0,0
63,-392.10919345297594,0,0
64,1210.677139572385,0,0
65,464.33729602006264,0,0
66,491.41282767211,0,0
67,447.61209205055764,0,0
68,629.2049889177182,0,0
69,464.0205293264167,0,0
70,232.24197915661458,0,0
71,944.3753346578754,0,0
72,125.32882639773922,0,0
73,926.2195508207524,0,0
74,413.93087962090857,0,0
75,-123.53690537077853,0,0
76,437.5728822546146,0,0
77,319.05040784106166,0,0
78,670.894575572006,0,0
79,224.58376604477888,0,0
80,1226.637958955113,0,0
81,1006.0770738839085,0,0
82,914.2066500102483,0,0
83,-28.17867267511508,0,0
84,1341.0214723059694,0,0
85,391.2310469912614,0,0
86,764.9088359851322,0,0
87,647.2458450722515,0,0
88,1309.3181378794052,0,0
89,593.0951779818934,0,0
90,1318.8069250318065,0,0
91,1135.6307464849724,0,0
92,824.8911527214302,0,0
93,1265.9131148550105,0,0
94,1323.3043718204958,0,0
95,1883.4924539727865,0,0
96,2263.0834047374433,0,0
97,1784.4799242114595,0,0
98,1729.335262456037,0,0
99,2064.4179523177704,0,0
100,1996.0785768342785,0,0
101,2771.9565097694167,0,0
102,2684.6153994732686,0,0
103,2568.1043143039456,0,0
104,2349.0010760115756,0,0
105,3309.7213063043473,0,0
106,3434.7529698842523,0,0
107,3288.330606586959,0,0
108,3735.8801996755556,0,0
109,3912.220076464034,0,0
110,3532.6619622767494,0,0
111,4061.289867131178,0,0
112,3283.905285206978,0,0
113,4267.1625023529205,0,0
114,4302.489107884127,0,0
115,4570.389427802675,0,0
116,4606.320949362407,0,0
117,5536.43348569544,0,0
118,4446.914593174532,0,0
119,4539.379440502499,0,0
120,5848.806159958229,0,0
121,6025.9268756370575,0,0
122,5941.114246972358,0,0
123,5873.256289915522,0,0
124,5705.180394782021,0,0
125,5785.684965833173,0,0
126,6565.746719672191,0,0
127,6207.680804840383,0,0
128,7028.296638065497,0,0
129,6967.713434829935,0,0
130,7998.219417101109,0,0
131,6595.018751841947,0,0
132,6866.678191351219,0,0
133,7814.441885916436,0,0
134,7129.276791597484,0,0
135,8298.690306236658,0,0
136,7693.884499045671,0,0
137,8210.172551677204,0,0
138,8364.654734467602,0,0
139,8579.108339121469,0,0
140,8025.2667262889145,0,0
141,8727.969311868532,0,0
142,9167.95576748024,0,0
143,9109.315032407641,0,0
144,8351.509285607794,0,0
145,9291.728858517075,0,0
146,8926.139700497655,0,0
147,9133.433296487909,0,0
148,9994.726416591857,0,0
149,9597.489808183931,0,0
150,9836.916248711057,0,0
151,9271.93511773275,0,0
152,9669.54897894274,0,0
153,10076.44397165461,0,0
154,10025.568944513703,0,0
155,9552.623614661512,0,0
156,9722.068300898789,0,0
157,10156.964313980867,0,0
158,9716.986160194352,0,0
159,9160.090594206527,0,0
160,9623.16851423663,0,0
161,9849.393975844117,0,0
162,10102.18001302433,0,0
163,9903.748941692596,0,0
164,9603.908569609559,0,0
165,10041.533962554533,0,0
166,10039.017603147975,0,0
167,10261.58104133235,0,0
168,10810.334966103415,0,0
169,9765.098450742984,0,0
170,10389.717543577417,0,0
171,9852.854518093243,0,0
172,10511.205335304772,0,0
173,10024.208709755792,0,0
174,10037.944294880062,0,0
175,10465.336945771816,0,0
176,9581.283809584786,0,0
177,9671.835469915366,0,0
178,9650.042604650533,0,0
179,9794.423392513308,0,0
180,10057.358861637833,0,0
181,10137.140387802601,0,0
182,9754.711569906729,0,0
183,10336.49310542197,0,0
184,10339.123786316119,0,0
185,9488.923297034105,0,0
186,10326.051072445338,0,0
187,9818.181673078034,0,0
188,9874.839472115747,0,0
189,9702.268313605873,0,0
190,10342.32875093222,0,0
191,10311.024359822404,0,0
192,10824.734590710179,0,0
193,10405.789114298572,0,0
194,10363.82391638548,0,0
195,10702.051169071437,0,0
196,10524.426866046279,0,0
197,9249.483521869039,0,0
198,10655.921780254634,0,0
199,9890.076115200363,0,0
200,10121.71808898127,0,0
201,10229.071655269532,0,0
202,10183.015212110571,0,0
203,9397.502924184468,0,0
204,9853.558156936431,0,0
205,10826.173299214399,0,0
206,10139.164201300637,0,0
207,10310.51766145533,0,0
208,10346.33799434357,0,0
209,10136.417869122743,0,0
210,10119.173590230495,0,0
211,9989.553931885475,0,0
212,9856.719454203823,0,0
213,10740.808191536109,0,0
214,9583.92500673096,0,0
215,9901.580104731407,0,0
216,9588.522446333513,0,0
217,10058.480392030768,0,0
218,10886.95017677431,0,0
219,10283.171195381985,0,0
220,10562.302008482724,0,0
221,9971.662465429928,0,0
222,10089.70428884819,0,0
223,10379.959696233484,0,0
224,10062.414446185818,0,0
225,10842.923687515568,0,0
226,11015.82645437006,0,0
227,9818.026476409068,0,0
228,10656.310747564718,0,0
229,9889.655970266342,0,0
230,9889.693702790262,0,0
231,10661.586601015904,0,0
232,10077.26008619294,0,0
233,9971.954217940696,0,0
234,10787.26542351147,0,0
235,10689.821361669168,0,0
236,10155.788668352041,0,0
237,10459.857759373619,0,0
238,10471.457697427992,0,0
239,10901.347142469454,0,0
240,10615.014479849415,0,0
241,10131.522120469897,0,0
242,10427.105226366259,0,0
243,9412.148139567587,0,0
244,10259.056085875467,0,0
245,10100.012891659664,0,0
246,10541.860933969285,0,0
247,10195.93953008871,0,0
248,10034.744664035436,0,0
249,10577.02199680587,0,0
250,9845.606101568243,0,0
251,9471.254058158564,0,0
252,10417.413041214028,0,0
253,10598.932460338561,0,0
254,10459.889596945908,0,0
255,10465.42167469081,0,0
256,10421.406650754972,0,0
257,10552.766710258029,0,0
258,10851.988662281934,0,0
259,9799.21829693603,0,0
260,10384.177874027004,0,0
261,10393.033719826844,0,0
262,9914.56579736118,0,0
263,10464.85134635973,0,0
264,10479.793113214908,0,0
265,9513.004755985809,0,0
266,9973.589070324859,0,0
267,10324.70003541197,0,0
268,10067.250611905078,0,0
269,9837.922173883973,0,0
270,10383.669910701505,0,0
271,10297.462765319904,0,0
272,9970.515964170836,0,0
273,10069.079204145284,0,0
274,9721.07126613919,0,0
275,9869.596829110884,0,0
276,9787.562216442204,0,0
277,10347.364615935388,0,0
278,10144.437818557428,0,0
279,10109.882339722655,0,0
280,10668.770914079347,0,0
281,9953.078356237671,0,0
282,10946.749235965179,0,0
283,9995.022361502082,0,0
284,9869.966655941254,0,0
285,11033.032815569575,0,0
286,9649.815668635525,0,0
287,10255.651921482791,0,0
288,10074.432350506653,0,0
289,10700.512108635343,0,0
290,10569.084151193336,0,0
291,10388.205898821778,0,0
292,10522.194749674625,0,0
293,10316.994184831074,0,0
294,10749.710809202326,0,0
295,10734.80008760764,0,0
296,10394.649970219456,0,0
297,9584.077252793837,0,0
298,9856.881944663062,0,0
299,9949.479953700826,0,0
300,9561.658181271227,0,0
301,11140.623243792557,0,0
302,9945.642431955306,0,0
303,10505.254490444888,0,0
304,10359.91487771577,0,0
305,10884.711616105176,0,0
306,10345.922053809763,0,0
307,10047.339800779686,0,0
308,10218.225771550467,0,0
309,10224.32602478193,0,0
310,9846.897662808893,0,0
311,10287.771799281927,0,0
312,9924.306501136334,0,0
313,10151.83315505021,0,0
314,10477.130815354994,0,0
315,10263.013454558553,0,0
316,9749.819758921569,0,0
317,9689.016368203434,0,0
318,9744.066197287562,0,0
319,10357.17669528372,0,0
320,9791.61045427289,0,0
321,10487.73583134191,0,0
322,9780.680873988858,0,0
323,8947.296291074617,0,0
324,10351.007324000113,0,0
325,11004.140111822679,0,0
326,10102.94342177303,0,0
327,9865.574914611627,0,0
328,10727.275069948799,0,0
329,9386.805404916224,0,0
330,10605.020583059646,0,0
331,10539.771002599044,0,0
332,10138.470157658192,0,0
333,10324.042062446606,0,0
334,11148.48020875255,0,0
335,9591.270096654658,0,0
336,10836.852957402003,0,0
337,9661.110355062508,0,0
338,10344.982662618988,0,0
339,10922.480885770874,0,0
340,10671.313081088872,0,0
341,9983.918765087632,0,0
342,9952.17417675052,0,0
343,9451.198230216307,0,0
344,10247.738409829131,0,0
345,10875.669223245879,0,0
346,10752.542247831212,0,0
347,9986.633508618741,0,0
348,10276.521850661396,0,0
349,10417.63913085069,0,0
350,9942.229930130381,0,0
351,10430.410734379015,0,0
352,10272.771934540078,0,0
353,9876.315552519436,0,0
354,10147.219841753482,0,0
355,10229.991367011042,0,0
356,10677.838061132059,0,0
357,10420.43366561776,0,0
358,10109.550722511287,0,0
359,10641.244083842847,0,0
360,10865.353428879236,0,0
361,10649.015290923293,0,0
362,10313.137896851773,0,0
363,10187.493278238371,0,0
364,9523.543355375174,0,0
0,-732.5136406900555,1,0
1,-245.5666961055265,1,0
2,381.87467819711424,1,0
3,-281.26747276988715,1,0
4,145.06058728053785,1,0
5,331.27127532641765,1,0
6,-436.89232589109196,1,0
7,199.1036028346945,1,0
8,-44.63016769701934,1,0
9,379.5674510440484,1,0
10,80.6251792617928,1,0
11,134.3828168823591,1,0
12,-408.9429050742503,1,0
13,-141.16017351886182,1,0
14,60.5835226208372,1,0
15,-684.5710061459969,1,0
16,60.11187943703318,1,0
17,-778.2809800610238,1,0
18,-311.1403380978861,1,0
19,-18.00812558280218,1,0
20,-127.06862266761595,1,0
21,199.6685042197045,1,0
22,714.5480058170349,1,0
23,-497.4834971714432,1,0
24,168.2546880122037,1,0
25,-354.61947642063285,1,0
26,-98.02440804844323,1,0
27,-35.18301954171889,1,0
28,-700.5697671329816,1,0
29,-115.48683092184129,1,0
30,190.64906458564226,1,0
31,-206.1347050481586,1,0
32,619.2653771528603,1,0
33,-315.83422130534996,1,0
34,51.68573898092156,1,0
35,-349.5445013884154,1,0
36,-17.658683659546696,1,0
37,-431.73335601116275,1,0
38,455.61960142720477,1,0
39,-457.73390983761414,1,0
40,-199.98380184802477,1,0
41,-594.3338998395337,1,0
42,-101.16218712506992,1,0
43,178.81621593540962,1,0
44,291.5885816345483,1,0
45,-237.03595979520583,1,0
46,-756.8404207378857,1,0
47,730.6203762325766,1,0
48,-468.5767405010977,1,0
49,-295.07712449737375,1,0
50,492.14510957936193,1,0
51,423.07329960099054,1,0
52,-644.1307579859331,1,0
53,193.33855305895165,1,0
54,403.5520296423689,1,0
55,53.14032331516196,1,0
56,1034.8184362315742,1,0
57,-92.06190572592921,1,0
58,-171.33187843503592,1,0
59,-380.79865656328593,1,0
60,673.5034038324752,1,0
61,22.715055739340894,1,0
62,-11.304053230900237,1,0
63,112.81067496632161,1,0
64,75.31032659058027,1,0
65,-158.24014441132536,1,0
66,-175.37816146323672,1,0
67,-11.21394870298468,1,0
68,-738.0793946587848,1,0
69,372.97241115516584,1,0
70,-1341.8123569101508,1,0
71,-45.55611547777467,1,0
72,-644.3442446527662,1,0
73,-28.00058525753206,1,0
74,-135.35052066823147,1,0
75,-653.7767936178992,1,0
76,5.126390653288901,1,0
77,338.02057169029354,1,0
78,-761.4035830827905,1,0
79,594.6757480138215,1,0
80,-131.66134616086407,1,0
81,-383.7353392488492,1,0
82,53.33751594248062,1,0
83,66.60918635487852,1,0
84,-316.1155484877695,1,0
85,177.661233921544,1,0
86,61.45550803788781,1,0
87,-165.29794292816322,1,0
88,173.87122456894065,1,0
89,-312.29470481514136,1,0
90,-43.94770751467638,1,0
91,359.35116458601976,1,0
92,227.37277486011357,1,0
93,-33.26931466165868,1,0
94,477.3617803104159,1,0
95,103.13679663225886,1,0
96,590.3834257901931,1,0
97,361.53086208149017,1,0
98,475.5259986385988,1,0
99,307.0699893665649,1,0
100,304.7162656089332,1,0
101,209.8277920034987,1,0
102,119.92089685221697,1,0
103,484.756077853161,1,0
104,427.3727302197362,1,0
105,559.2757197011404,1,0
106,983.4754243372925,1,0
107,190.20610093617364,1,0
108,694.1513595273909,1,0
109,-241.63513581544203,1,0
110,747.6620201336326,1,0
111,698.5360188714023,1,0
112,602.4913224810344,1,0
113,1179.3386839018403,1,0
114,615.1030298829161,1,0
115,1402.2450889687414,1,0
116,1364.716914903191,1,0
117,819.9676857153665,1,0
118,685.8126690082572,1,0
119,1249.1584240360567,1,0
120,983.1767456704808,1,0
121,1198.4870425759184,1,0
122,1476.8274522958502,1,0
123,1792.0791645787172,1,0
124,1203.9385505591379,1,0
125,1276.729395467893,1,0
126,1114.7755971289744,1,0
127,1958.2935312557852,1,0
128,1365.6999569524562,1,0
129,1616.8291125467163,1,0
130,1572.2751873653858,1,0
131,2080.086431593727,1,0
132,2620.7642617311894,1,0
133,2511.839409283169,1,0
134,3025.263161004981,1,0
135,2123.9229131168863,1,0
136,3127.8197380819583,1,0
137,2558.203939670766,1,0
138,3064.762276137897,1,0
139,3753.523374983612,1,0
140,4236.997348462907,1,0
141,4225.068739493337,1,0
142,3441.7612390348504,1,0
143,4529.960856436381,1,0
144,3850.388519996279,1,0
145,4698.331892355476,1,0
146,4261.693142884702,1,0
147,5226.950062398938,1,0
148,4970.410749092415,1,0
149,5751.86769738362,1,0
150,5622.0447671711645,1,0
151,5548.332567979224,1,0
152,5086.648252869782,1,0
153,5840.886301805173,1,0
154,5648.145622745117,1,0
155,5792.6095652376225,1,0
156,6252.337590827298,1,0
157,7334.340514657261,1,0
158,6659.3117578491765,1,0
159,6392.999780439557,1,0
160,6602.528854370016,1,0
161,6881.1098708214495,1,0
162,7434.917883260549,1,0
163,7297.556461093944,1,0
164,6807.893579757662,1,0
165,8299.600753141496,1,0
166,6899.200597185986,1,0
167,6804.171829147388,1,0
168,7982.2044740079,1,0
169,7619.904546133773,1,0
170,8516.84543257136,1,0
171,8284.74422466652,1,0
172,8864.84509847215,1,0
173,9514.094636545651,1,0
174,9396.756302007305,1,0
175,8466.177815025037,1,0
176,8767.891044825297,1,0
177,8616.044741661977,1,0
178,8811.672031088417,1,0
179,9373.470339793523,1,0
180,8983.693675585786,1,0
181,9591.742971087971,1,0
182,8956.241233145349,1,0
183,9587.938984500039,1,0
184,9607.778253625467,1,0
185,8749.431550782941,1,0
186,8808.531612850487,1,0
187,10034.619063763108,1,0
188,9485.927044212369,1,0
189,10279.795368018866,1,0
190,9281.270600825912,1,0
191,9595.79119596583,1,0
192,9848.654257230739,1,0
193,9286.1419301206,1,0
194,9813.030674100077,1,0
195,9057.521577152178,1,0
196,10011.40434401952,1,0
197,9782.754500672061,1,0
198,9346.433386239263,1,0
199,10021.354262829085,1,0
200,10222.553788994157,1,0
201,10712.275914239464,1,0
202,9569.472366287833,1,0
203,9869.45273426671,1,0
204,9604.074849133181,1,0
205,9557.313514836162,1,0
206,9924.987521885589,1,0
207,9642.722219554744,1,0
208,10008.203264992928,1,0
209,10007.49065217747,1,0
210,9992.622260848555,1,0
211,9831.670687830654,1,0
212,9627.224842638256,1,0
213,9658.070540512324,1,0
214,9952.630217747252,1,0
215,9716.111381216688,1,0
216,9886.081577482368,1,0
217,10405.417914787264,1,0
218,10175.050099795148,1,0
219,9669.642411004788,1,0
220,10320.143933474288,1,0
221,9255.130248834808,1,0
222,10401.419300614729,1,0
223,9716.095465572796,1,0
224,10225.20732746166,1,0
225,9699.347855050106,1,0
226,10255.47964629433,1,0
227,9748.937104749892,1,0
228,9878.892196049852,1,0
229,9834.265439124429,1,0
230,10221.401514573226,1,0
231,9770.415924247527,1,0
232,10098.381068354083,1,0
233,10187.13061487828,1,0
234,10040.705453784542,1,0
235,10098.695932549606,1,0
236,9825.955823745206,1,0
237,10406.976786472485,1,0
238,9492.102735144173,1,0
239,9784.246068299697,1,0
240,10030.851764228697,1,0
241,9595.339443668825,1,0
242,9577.221169430833,1,0
243,9794.845361051819,1,0
244,10003.835154009474,1,0
245,10084.256383775104,1,0
246,9901.225083917952,1,0
247,9908.40246648496,1,0
248,10036.87363644748,1,0
249,9771.468824065792,1,0
250,10174.627309531674,1,0
251,9759.586135070604,1,0
252,9766.325034625514,1,0
253,9846.017939261515,1,0
254,9869.75325041851,1,0
255,10394.278600322254,1,0
256,10186.657917020952,1,0
257,9717.757957157533,1,0
258,9645.92875839702,1,0
259,10119.415448269028,1,0
260,10255.008692273394,1,0
261,10567.91869585958,1,0
262,9860.945469898319,1,0
263,11014.419229008856,1,0
264,9706.797233261414,1,0
265,9748.360214156957,1,0
266,10116.971791504473,1,0
267,9565.029955780932,1,0
268,10262.649691482233,1,0
269,9640.637961485092,1,0
270,10098.051372627642,1,0
271,9925.344614330312,1,0
272,10369.298958280171,1,0
273,9932.534136760927,1,0
274,10220.654273858736,1,0
275,10276.852033060139,1,0
276,9740.468335517819,1,0
277,10653.446879918762,1,0
278,9502.695394595099,1,0
279,10517.31166769062,1,0
280,9873.242091238606,1,0
281,10130.018074211992,1,0
282,10036.067959771253,1,0
283,10223.197749218458,1,0
284,10071.561434751677,1,0
285,9424.190067778367,1,0
286,9988.682762473787,1,0
287,9728.809855584588,1,0
288,9603.419985064342,1,0
289,10332.710637679113,1,0
290,9509.663723608828,1,0
291,9091.608855806306,1,0
292,10200.845259263275,1,0
293,10000.396784315697,1,0
294,9507.648580177152,1,0
295,10076.681317612036,1,0
296,9573.707643093325,1,0
297,9568.30265488522,1,0
298,10139.436198440198,1,0
299,9744.508604372537,1,0
300,10876.446195448534,1,0
301,10694.550979873062,1,0
302,9950.11767836107,1,0
303,9591.089176681438,1,0
304,9308.853779799345,1,0
305,9497.37665597325,1,0
306,9733.274905099075,1,0
307,9990.981584443529,1,0
308,9883.909531522058,1,0
309,10146.105663151033,1,0
310,10027.397879497099,1,0
311,9726.52546640679,1,0
312,9585.131223242413,1,0
313,10124.369160140277,1,0
314,10203.606965434488,1,0
315,9757.960221473548,1,0
316,10019.855400586644,1,0
317,9064.938184516484,1,0
318,9686.161325718655,1,0
319,9458.34123469023,1,0
320,9726.045394193949,1,0
321,10257.400187382102,1,0
322,10008.74087014816,1,0
323,10527.049347218997,1,0
324,9425.994520774157,1,0
325,10314.416143044211,1,0
326,10475.556773962153,1,0
327,9685.083781662703,1,0
328,10448.156085247165,1,0
329,10141.226299487871,1,0
330,10576.24654163737,1,0
331,10043.83337230132,1,0
332,10042.962404604063,1,0
333,10267.281325726462,1,0
334,9601.911688606711,1,0
335,9687.800319949378,1,0
336,9771.747702517912,1,0
337,10423.048763992563,1,0
338,10144.793371692598,1,0
339,10115.289366873905,1,0
340,9697.658247418472,1,0
341,9518.7265378435,1,0
342,10348.507973194262,1,0
343,10105.520947925257,1,0
344,9314.772056718664,1,0
345,9663.452017866917,1,0
346,10476.64275373613,1,0
347,10079.458704164352,1,0
348,10138.861190366913,1,0
349,10277.377570202832,1,0
350,9456.671487775011,1,0
351,10534.761165952184,1,0
352,10101.254726625504,1,0
353,9674.285160890015,1,0
354,9637.407303268665,1,0
355,9947.65989346516,1,0
356,10141.643079774323,1,0
357,10434.335260412874,1,0
358,10256.926369286164,1,0
359,9785.996756248951,1,0
360,10098.874607344538,1,0
361,10124.979442258898,1,0
362,10449.338299080944,1,0
363,10355.693232383399,1,0
364,9606.74925530649,1,0
0,-226.43939773588076,2,0
1,48.953535933580554,2,0
2,151.21483292214617,2,0
3,91.02637912553143,2,0
4,117.10424647000366,2,0
5,190.43834960534744,2,0
6,61.317574736967515,2,0
7,289.92879445311434,2,0
8,351.7065673482972,2,0
9,549.3678395801397,2,0
10,624.138485734617,2,0
11,476.78117543049467,2,0
12,208.14378307835682,2,0
13,322.0875297608785,2,0
14,333.87936762401193,2,0
15,708.86388942181,2,0
16,182.41910890229727,2,0
17,503.1761586547992,2,0
18,235.65989029407967,2,0
19,364.98517301671956,2,0
20,602.215133921223,2,0
21,415.614328191384,2,0
22,542.4722922643449,2,0
23,32.68285081776651,2,0
24,325.67071510620366,2,0
25,353.12703589704233,2,0
26,610.9766499219099,2,0
27,546.1718746681404,2,0
28,570.6683150912005,2,0
29,529.0537274303014,2,0
30,576.416050288008,2,0
31,482.81472572731997,2,0
32,579.8809375044424,2,0
33,695.735403136667,2,0
34,522.4099446906096,2,0
35,696.416267209231,2,0
36,415.93935871547365,2,0
37,485.95115484017157,2,0
38,762.4847626654762,2,0
39,1041.5789135592988,2,0
40,446.9289819438748,2,0
41,650.2431813417852,2,0
42,-86.69140621313029,2,0
43,99.03368298830175,2,0
44,-36.47966751576426,2,0
45,-368.18418622321553,2,0
46,-239.41605429949396,2,0
47,37.91432050007886,2,0
48,151.18020915052517,2,0
49,-136.38942655866532,2,0
50,12.153296660812037,2,0
51,-258.6065726620655,2,0
52,-142.64432473673952,2,0
53,118.14967564879103,2,0
54,168.63416664205812,2,0
55,-261.8772408940506,2,0
56,182.06300243423718,2,0
57,-40.96794185970461,2,0
58,19.35325726170013,2,0
59,230.52153509358232,2,0
60,-391.3500555002931,2,0
61,-67.40153865160589,2,0
62,-23.088336332040516,2,0
63,-67.78590124348864,2,0
64,-2.1364297421338208,2,0
65,85.58478761523823,2,0
66,-262.86940861505724,2,0
67,-82.79313821784618,2,0
68,-31.280458819969454,2,0
69,70.32457738735057,2,0
70,98.3562585988565,2,0
71,-86.02059780447718,2,0
72,-165.12882535147332,2,0
73,-30.868904508589573,2,0
74,-201.03031219049944,2,0
75,182.30868130339502,2,0
76,81.97309095877286,2,0
77,221.11908430972946,2,0
78,113.11324569226633,2,0
79,78.7029138795024,2,0
80,55.30700996462602,2,0
81,-82.24064141353776,2,0
82,412.8617723694343,2,0
83,-52.96971083609186,2,0
84,204.951508889242,2,0
85,96.82428434873947,2,0
86,53.36881319879401,2,0
87,-121.61211192506819,2,0
88,131.74154178157028,2,0
89,217.83023082919732,2,0
90,97.70779383220102,2,0
91,57.997144789981064,2,0
92,348.92996797852203,2,0
93,-54.88774408545811,2,0
94,41.769403475774126,2,0
95,17.866034555785063,2,0
96,408.25058007338487,2,0
97,30.519497738845388,2,0
98,267.28484735762413,2,0
99,215.05466954424145,2,0
100,282.45334628835155,2,0
101,522.5344901722272,2,0
102,372.39186961015844,2,0
103,295.8710696151045,2,0
104,126.39542772662642,2,0
105,-3.8017847475415465,2,0
106,236.3069934674141,2,0
107,285.24051318924785,2,0
108,503.7003523242622,2,0
109,309.72907048007875,2,0
110,471.31422834278675,2,0
111,303.9608269885083,2,0
112,397.6885127614065,2,0
113,284.7397066836552,2,0
114,207.58317477352557,2,0
115,613.4670597235586,2,0
116,795.3587753212566,2,0
117,425.14190828086487,2,0
118,454.00361281489086,2,0
119,718.9550951385828,2,0
120,1003.623750163564,2,0
121,639.1022476149806,2,0
122,717.5520445910314,2,0
123,925.1138766044551,2,0
124,816.0422624759233,2,0
125,1340.215680194697,2,0
126,795.2777628891961,2,0
127,989.6081112223069,2,0
128,1180.6397399897114,2,0
129,1221.2485533787712,2,0
130,1264.7189069352617,2,0
131,1047.2033362103066,2,0
132,1192.0196321617116,2,0
133,1339.3310497455361,2,0
134,1510.6954772650008,2,0
135,1493.8201032158745,2,0
136,1619.4424903794302,2,0
137,1970.0819193488956,2,0
138,1769.9040661481,2,0
139,1860.6867519778405,2,0
140,1863.8463629156774,2,0
141,1882.6747736625555,2,0
142,2150.881200745534,2,0
143,2417.163912329764,2,0
144,2269.007788626663,2,0
145,2286.947612735105,2,0
146,2570.223809235802,2,0
147,2422.381882277967,2,0
148,2684.5057191408255,2,0
149,2868.9192142165866,2,0
150,3097.9993678398496,2,0
151,3367.8605268875926,2,0
152,3162.8836909465094,2,0
153,3556.7931230206223,2,0
154,3573.7056326008246,2,0
155,3586.1115186833977,2,0
156,3463.5887477597976,2,0
157,4066.8824280605,2,0
158,4054.7147576787606,2,0
159,4376.465039641985,2,0
160,4190.611877056523,2,0
161,4488.817695978526,2,0
162,4697.620602848186,2,0
163,4761.602737989386,2,0
164,4969.826244691888,2,0
165,5054.584547977019,2,0
166,5371.721965977478,2,0
167,5474.769798924914,2,0
168,5522.294277364509,2,0
169,5844.854212294185,2,0
170,5508.753819473346,2,0
171,5961.7496950430805,2,0
172,5993.949188365671,2,0
173,6070.6814857825775,2,0
174,6329.4672921578385,2,0
175,6266.079676892918,2,0
176,6489.700173726827,2,0
177,6372.081530329919,2,0
178,7147.480499846594,2,0
179,6837.248582992142,2,0
180,7273.532307575482,2,0
181,7420.744446648298,2,0
182,7063.390419079162,2,0
183,7628.986617503344,2,0
184,7655.700672158491,2,0
185,7627.756695137331,2,0
186,7456.0555207494635,2,0
187,7634.173630891603,2,0
188,7959.692397926879,2,0
189,8095.998047189602,2,0
190,7985.998308385784,2,0
191,8066.082538070578,2,0
192,8215.190430484152,2,0
193,8038.521740928561,2,0
194,7956.8691571833515,2,0
195,8591.866273786083,2,0
196,8570.109577935835,2,0
197,8541.65874828875,2,0
198,8667.306656789055,2,0
199,8925.17108275796,2,0
200,8743.822143852596,2,0
201,8914.984001870931,2,0
202,9178.57606802556,2,0
203,9005.433756119077,2,0
204,8909.48463996793,2,0
205,8958.314712246503,2,0
206,9240.419480137372,2,0
207,9002.872692935118,2,0
208,9263.50388956747,2,0
209,9169.450939854061,2,0
210,9223.396362748881,2,0
211,9116.859245712845,2,0
212,9532.329374954634,2,0
213,9119.602294977334,2,0
214,9211.542388396036,2,0
215,9213.035742443062,2,0
216,9081.2918549119,2,0
217,9383.482044744464,2,0
218,9220.160567469846,2,0
219,9297.061266733508,2,0
220,9192.525955778106,2,0
221,9465.979198499095,2,0
222,9438.08786623622,2,0
223,9387.806432882677,2,0
224,9389.26786242096,2,0
225,9759.266891334091,2,0
226,9450.817656518646,2,0
227,9595.305295673883,2,0
228,9699.187874813093,2,0
229,9439.170590977621,2,0
230,9584.973561342384,2,0
231,9708.244975930516,2,0
232,9454.49026170156,2,0
233,9483.343546865572,2,0
234,9789.182890891512,2,0
235,9357.70668564078,2,0
236,9430.53118178693,2,0
237,9617.149179139475,2,0
238,9753.718455453116,2,0
239,9651.923150068189,2,0
240,9807.451911334423,2,0
241,9760.614328863912,2,0
242,9219.458705050722,2,0
243,9463.359099493848,2,0
244,9609.825594270791,2,0
245,9627.780649436587,2,0
246,9511.249234251467,2,0
247,9654.76954134599,2,0
248,9809.50205215446,2,0
249,9557.886816091574,2,0
250,9563.146800821807,2,0
251,9559.316752682857,2,0
252,9720.244446297465,2,0
253,9690.948398411738,2,0
254,9610.970756747512,2,0
255,9937.301552614497,2,0
256,9685.605054266298,2,0
257,9874.945661827478,2,0
258,9751.570974654145,2,0
259,9436.968132406291,2,0
260,9464.401745259995,2,0
261,9806.354962405425,2,0
262,9802.790477202945,2,0
263,9725.163033150082,2,0
264,9873.932369217398,2,0
265,9786.63360866486,2,0
266,9230.017390447361,2,0
267,9625.562312460477,2,0
268,9571.658398405216,2,0
269,9548.679220146485,2,0
270,9798.891879044897,2,0
271,9782.844837656847,2,0
272,9766.140539147831,2,0
273,9524.669550690782,2,0
274,9624.38843068189,2,0
275,9449.1423909639,2,0
276,9560.108624587288,2,0
277,9694.363654635907,2,0
278,9580.497423176037,2,0
279,9609.747563051664,2,0
280,9614.465054149267,2,0
281,9484.019568934944,2,0
282,9549.69165629552,2,0
283,9464.758768887134,2,0
284,9823.836902031106,2,0
285,9574.800480559474,2,0
286,9864.508655122683,2,0
287,9529.45670669108,2,0
288,9719.010268983879,2,0
289,9765.298366731846,2,0
290,9752.793694698861,2,0
291,9693.003912435177,2,0
292,9707.16491101135,2,0
293,9592.582812293402,2,0
294,9590.866848440744,2,0
295,9570.037149482523,2,0
296,9482.536354706801,2,0
297,9783.177208756722,2,0
298,9494.280114713103,2,0
299,9642.980573472893,2,0
300,9413.23210369327,2,0
301,9628.134521795942,2,0
302,9679.505764263064,2,0
303,10064.199997900287,2,0
304,9596.08544150285,2,0
305,9571.726735298276,2,0
306,9659.196918999967,2,0
307,9847.392816956191,2,0
308,9577.085133425651,2,0
309,9446.946914319782,2,0
310,9684.028741730584,2,0
311,9872.473021455968,2,0
312,9667.21279793781,2,0
313,9789.535504083424,2,0
314,9638.37801229756,2,0
315,9692.159246822512,2,0
316,9545.540035130667,2,0
317,9895.953917849378,2,0
318,9674.727796545054,2,0
319,9852.735936845937,2,0
320,9820.255567221893,2,0
321,9721.049288379942,2,0
322,9897.968065816143,2,0
323,9928.71885129309,2,0
324,9695.949899309891,2,0
325,9649.8143813131,2,0
326,9977.177920367858,2,0
327,9866.218601760163,2,0
328,9563.604805150353,2,0
329,9726.9823358445,2,0
330,9403.744171708317,2,0
331,9517.726270931544,2,0
332,9513.65878296247,2,0
333,9661.667427709492,2,0
334,9550.089234382056,2,0
335,9633.585351199345,2,0
336,9602.719293263079,2,0
337,9801.314976459615,2,0
338,9600.037137451722,2,0
339,9941.555466822949,2,0
340,9594.570182266674,2,0
341,9383.847939277395,2,0
342,9631.25729911403,2,0
343,9633.56891244812,2,0
344,9530.861701605525,2,0
345,9604.931353902719,2,0
346,9594.647647726211,2,0
347,9708.627492191983,2,0
348,9765.129604335363,2,0
349,9607.090660237212,2,0
350,9861.463295813444,2,0
351,9760.76195804542,2,0
352,9812.648433387461,2,0
353,9691.46201487042,2,0
354,9744.46398275593,2,0
355,9747.271587176601,2,0
356,9740.30502240283,2,0
357,9622.025868504004,2,0
358,9674.647517678999,2,0
359,9791.545626505036,2,0
360,9994.338480703776,2,0
361,9585.561748121192,2,0
362,9611.928131779498,2,0
363,9676.510163770465,2,0
364,9771.292954752716,2,0
0,15.658958307974522,3,1
1,26.091201734143944,3,1
2,3.146878973541135,3,1
3,-56.110652890437336,3,1
4,288.38312854682897,3,1
5,-81.44072230011791,3,1
6,-67.29887938652794,3,1
7,214.2606041226853,3,1
8,-15.055935864557178,3,1
9,52.65665316608984,3,1
10,170.5770579885576,3,1
11,-151.8047090104396,3,1
12,155.57516261873548,3,1
13,170.15294551818658,3,1
14,0.930381467299567,3,1
15,-143.25984815511822,3,1
16,149.32492713840963,3,1
17,-34.107627881887396,3,1
18,215.76361546559872,3,1
19,190.57584409160796,3,1
20,-28.91991980536983,3,1
21,239.89601471045586,3,1
22,254.76595179541047,3,1
23,531.65422261475,3,1
24,139.8446894371554,3,1
25,25.390020416627024,3,1
26,-136.8341707875281,3,1
27,-56.682031807836516,3,1
28,-357.9121731704871,3,1
29,-21.748642555440505,3,1
30,226.29099140478542,3,1
31,225.4603841757497,3,1
32,372.3090489106669,3,1
33,277.5877836282063,3,1
34,-7.044901841582771,3,1
35,367.5415592898463,3,1
36,-27.276745813433195,3,1
37,154.5220970663379,3,1
38,7.6525861191222475,3,1
39,209.89390410986903,3,1
40,395.537552352006,3,1
41,278.08602099302306,3,1
42,-233.57581617378625,3,1
43,89.60494985460807,3,1
44,411.58804157076696,3,1
45,51.963602064921226,3,1
46,-157.91635100752254,3,1
47,-176.22488404847388,3,1
48,310.7648245562267,3,1
49,446.15102065300687,3,1
50,-18.08781926335216,3,1
51,343.89790620397014,3,1
52,151.97482312868317,3,1
53,-405.00747384308625,3,1
54,67.93258136049876,3,1
55,-77.980077410359,3,1
56,30.298604944469083,3,1
57,177.56287532905282,3,1
58,165.4698076768312,3,1
59,-22.89609205458016,3,1
60,310.9443048704896,3,1
61,-506.9813896946362,3,1
62,158.4723487810349,3,1
63,157.92058450971376,3,1
64,-56.046921125420184,3,1
65,181.25793324930308,3,1
66,-162.9041708235054,3,1
67,153.1696917276215,3,1
68,143.03399704171525,3,1
69,368.69781095700944,3,1
70,175.23337719335802,3,1
71,24.48959891903086,3,1
72,37.006391273049154,3,1
73,254.82551159324336,3,1
74,-116.47935707755565,3,1
75,-35.90299124523414,3,1
76,286.6241126925986,3,1
77,-51.06856723713499,3,1
78,-267.46990762340346,3,1
79,191.86633236968677,3,1
80,-73.08527225766983,3,1
81,343.34321194341516,3,1
82,154.31977169208562,3,1
83,98.49432945896716,3,1
84,24.622297639234233,3,1
85,-6.020445073783698,3,1
86,109.44358491969078,3,1
87,42.8662360294569,3,1
88,-16.467396358810788,3,1
89,-154.48369244821964,3,1
90,15.80830269129487,3,1
91,129.73464577951674,3,1
92,266.81035407993255,3,1
93,296.47531823903665,3,1
94,-132.66917201624835,3,1
95,90.52320570467602,3,1
96,219.36852439341934,3,1
97,-272.91884019574076,3,1
98,-71.67732493681697,3,1
99,88.8481356792852,3,1
100,-9.738339777746077,3,1
101,211.23130090524432,3,1
102,519.3278698827527,3,1
103,329.13305726098054,3,1
104,475.20470324325106,3,1
105,18.099907067866894,3,1
106,50.287369552652265,3,1
107,-61.518355057988515,3,1
108,-80.85739313159726,3,1
109,263.0126815481011,3,1
110,239.46793179095118,3,1
111,197.760783469457,3,1
112,-176.78782993857226,3,1
113,151.87720714157024,3,1
114,-12.99876171654796,3,1
115,-136.3320448969985,3,1
116,31.36899203536487,3,1
117,290.5243583257305,3,1
118,151.41005363327983,3,1
119,34.57206784766035,3,1
120,-140.38969481559528,3,1
121,488.5490130323868,3,1
122,129.87852396434056,3,1
123,231.16752337835035,3,1
124,293.7390958721513,3,1
125,380.0567292758443,3,1
126,285.10628103534515,3,1
127,42.25827522545168,3,1
128,186.8167000863798,3,1
129,175.89235354101226,3,1
130,571.6249179243964,3,1
131,596.4715897805063,3,1
132,603.3845614108809,3,1
133,482.9192990926797,3,1
134,601.8958096374772,3,1
135,332.19804187125357,3,1
136,389.50551852955783,3,1
137,431.5908375864696,3,1
138,428.31767305241755,3,1
139,64.7029567305899,3,1
140,378.1680349879465,3,1
141,217.81170485490537,3,1
142,457.3731168357089,3,1
143,491.47189195023174,3,1
144,735.6924592064072,3,1
145,595.3098824770904,3,1
146,734.8879947331054,3,1
147,295.53201368647285,3,1
148,394.73812673070756,3,1
149,355.6317162881187,3,1
150,458.14916228172126,3,1
151,679.636013643318,3,1
152,280.4606278343104,3,1
153,502.4417860029131,3,1
154,593.2777287906279,3,1
155,655.7249137587975,3,1
156,826.6064673775137,3,1
157,706.8414124913338,3,1
158,702.7937493091961,3,1
159,786.97757779787,3,1
160,778.7021386583191,3,1
161,699.3342304018628,3,1
162,1580.348315613756,3,1
163,1213.2189497493139,3,1
164,1142.9686796165288,3,1
165,1023.5765736166136,3,1
166,1313.7625255604567,3,1
167,1118.4554592921477,3,1
168,755.9862688798055,3,1
169,1235.0717587570834,3,1
170,1060.3131766926103,3,1
171,1417.875537597594,3,1
172,1183.275020806812,3,1
173,1436.5966149226595,3,1
174,1076.8832380889394,3,1
175,1154.5174473154373,3,1
176,1465.4746527150926,3,1
177,1686.4680211943505,3,1
178,1374.7348338607128,3,1
179,1586.2606580557708,3,1
180,1227.4024407920447,3,1
181,1248.8726313145003,3,1
182,1930.4832150300751,3,1
183,1634.4617651149406,3,1
184,1455.7633620454403,3,1
185,1612.537351618874,3,1
186,1541.8167205249338,3,1
187,1979.3252036528684,3,1
188,1915.7198305554232,3,1
189,2292.8630497882777,3,1
190,1859.0135289074901,3,1
191,2198.5509612605056,3,1
192,2245.5688879447835,3,1
193,2482.1770682778456,3,1
194,2105.94423244387,3,1
195,2391.5372866551515,3,1
196,2497.0293489068426,3,1
197,2172.400732637069,3,1
198,2716.958509996354,3,1
199,2224.3944163515534,3,1
200,2609.8145528182135,3,1
201,2555.4499450547296,3,1
202,2839.709711270091,3,1
203,3079.9691427160587,3,1
204,2851.2145055467768,3,1
205,2688.620304670181,3,1
206,3219.125258656415,3,1
207,2995.9516419255892,3,1
208,3387.694025058927,3,1
209,3324.61399331759,3,1
210,3547.4538071700717,3,1
211,3048.2276140763415,3,1
212,3416.1932547564024,3,1
213,3362.7545791032567,3,1
214,3179.0806901366263,3,1
215,3303.95657522936,3,1
216,3728.653711166755,3,1
217,3865.0037863843536,3,1
218,3743.0037475267445,3,1
219,3918.536755662411,3,1
220,3927.098644016525,3,1
221,3919.244802881102,3,1
222,4372.713052676028,3,1
223,4246.400626147326,3,1
224,4546.16508745624,3,1
225,3997.0692867796533,3,1
226,4680.549789881498,3,1
227,4189.386481899352,3,1
228,4401.694714465197,3,1
229,4690.303262728762,3,1
230,4591.99899053615,3,1
231,4889.585851191616,3,1
232,5063.6027438592655,3,1
233,4874.570336225996,3,1
234,4813.288517045643,3,1
235,5497.2131047623125,3,1
236,5056.591083000889,3,1
237,5318.896064561063,3,1
238,4964.4399939286295,3,1
239,5208.5861677485,3,1
240,5402.333678299875,3,1
241,5229.198071197514,3,1
242,5646.282435162756,3,1
243,5689.251725694587,3,1
244,5436.025350195638,3,1
245,5810.359542202751,3,1
246,5564.089505492468,3,1
247,5796.41507561194,3,1
248,5939.157003955793,3,1
249,6031.929231415229,3,1
250,5709.292462872241,3,1
251,5630.028662111045,3,1
252,5643.06732769311,3,1
253,6150.664724908288,3,1
254,6310.32983258805,3,1
255,5963.030662186287,3,1
256,6235.21454357246,3,1
257,6277.139660279487,3,1
258,6127.087221575709,3,1
259,6451.875774207979,3,1
260,6207.254780005654,3,1
261,6645.327300590416,3,1
262,6838.695316126733,3,1
263,6165.974169015954,3,1
264,6734.97188702588,3,1
265,6408.305215007736,3,1
266,6678.495015300008,3,1
267,6434.060531454966,3,1
268,6613.086884261412,3,1
269,7162.599212087278,3,1
270,6719.733113550607,3,1
271,6781.426737510856,3,1
272,6708.20061700744,3,1
273,6832.2748515136545,3,1
274,6880.322111246568,3,1
275,6906.32063575101,3,1
276,7038.165203811369,3,1
277,6529.390805959345,3,1
278,6954.3779798604,3,1
279,6990.900457454262,3,1
280,6761.786566170671,3,1
281,7173.7076868993345,3,1
282,6762.684397917577,3,1
283,7111.621785844262,3,1
284,6926.6425467908175,3,1
285,7104.488961887989,3,1
286,7108.082739791682,3,1
287,6786.005221014219,3,1
288,7382.067128226659,3,1
289,7345.600785490824,3,1
290,7386.871832465306,3,1
291,6842.673757754773,3,1
292,7272.265056956431,3,1
293,7449.2551702715255,3,1
294,7437.074707967555,3,1
295,7306.6341029801915,3,1
296,6980.0140374240145,3,1
297,7306.861561725127,3,1
298,7510.1707312679555,3,1
299,7703.56782372943,3,1
300,7440.472497756242,3,1
301,7531.042345029592,3,1
302,7087.377564433448,3,1
303,7034.92006667173,3,1
304,7316.701810026893,3,1
305,7538.714810294071,3,1
306,7394.485327687659,3,1
307,7305.810509279191,3,1
308,7536.782157317432,3,1
309,7289.428098775335,3,1
310,7323.638223832812,3,1
311,7382.9893499949685,3,1
312,7724.040232715039,3,1
313,7324.357749612743,3,1
314,7049.608366845293,3,1
315,7715.53483692473,3,1
316,7695.075697845955,3,1
317,7762.113638063935,3,1
318,7638.029599750708,3,1
319,7633.189533313563,3,1
320,7540.2502711112165,3,1
321,7719.646193050753,3,1
322,7647.965366354205,3,1
323,7645.65148597309,3,1
324,7497.112127772435,3,1
325,7443.651549433717,3,1
326,8099.122224821412,3,1
327,7847.093795552231,3,1
328,7736.323826196733,3,1
329,8191.203059038304,3,1
330,7737.024094310057,3,1
331,7635.4186533753045,3,1
332,7277.208003843713,3,1
333,7496.2843844768495,3,1
334,7556.291836532543,3,1
335,7834.705547889882,3,1
336,7788.435190857752,3,1
337,7572.74403328256,3,1
338,7602.742217962371,3,1
339,7767.388221308814,3,1
340,7777.312945316032,3,1
341,8133.045605595506,3,1
342,7258.728679186758,3,1
343,7875.0673405370135,3,1
344,7841.035316616954,3,1
345,7876.725301594555,3,1
346,7987.60514297981,3,1
347,7899.180459940125,3,1
348,7939.531295577931,3,1
349,7546.901535541588,3,1
350,7660.014143881611,3,1
351,7518.6475309836505,3,1
352,7921.913596834411,3,1
353,7771.747519550255,3,1
354,7762.378513142965,3,1
355,7609.999154062219,3,1
356,7653.310637898353,3,1
357,7647.300386428409,3,1
358,7654.614011897492,3,1
359,7432.24967693836,3,1
360,7610.863898719322,3,1
361,7542.372258080049,3,1
362,7688.978712761464,3,1
363,7753.865568338605,3,1
364,7486.237549881368,3,1
0,163.00968975514,4,1
1,-241.38451063142935,4,1
2,-523.3282131716694,4,1
3,40.42279161902102,4,1
4,248.37611087741342,4,1
5,155.2275923102953,4,1
6,106.19684505923,4,1
7,60.09269138700675,4,1
8,204.65632852732244,4,1
9,-232.35558002998198,4,1
10,-428.0547724448236,4,1
11,83.74751840122738,4,1
12,466.2056766124264,4,1
13,411.9216193363694,4,1
14,-268.5489443217248,4,1
15,593.0440986368567,4,1
16,417.2695337302281,4,1
17,302.180679461608,4,1
18,368.3226841252842,4,1
19,446.332046504781,4,1
20,131.87042976140407,4,1
21,-38.93689523708156,4,1
22,403.4623814914245,4,1
23,313.71587974569087,4,1
24,342.1193830007632,4,1
25,307.0614936042687,4,1
26,501.4264269500719,4,1
27,426.6357824360121,4,1
28,264.08654655051436,4,1
29,435.65755744108037,4,1
30,296.2982551805021,4,1
31,512.3522679057828,4,1
32,204.390343058201,4,1
33,438.6151763928922,4,1
34,808.0720235996845,4,1
35,273.7637419891415,4,1
36,296.7670169497331,4,1
37,732.2687948894795,4,1
38,348.71873547164773,4,1
39,456.5310974235216,4,1
40,193.06082026584522,4,1
41,69.95576608489944,4,1
42,-119.19867940969691,4,1
43,-383.3929595716311,4,1
44,-51.24789610221909,4,1
45,-500.1447242873959,4,1
46,54.790153270249704,4,1
47,438.48986105562557,4,1
48,100.77054873690096,4,1
49,-179.10636931774167,4,1
50,306.07867351076527,4,1
51,17.537892315718622,4,1
52,-82.49324980741545,4,1
53,-148.46321936802607,4,1
54,-415.3336327704402,4,1
55,-199.49402476146287,4,1
56,168.63417794277137,4,1
57,371.55165524795154,4,1
58,304.1120729537585,4,1
59,-92.20134604927449,4,1
60,-9.866670453841657,4,1
61,229.10291631546318,4,1
62,87.3575510302318,4,1
63,37.659664348555296,4,1
64,-73.3211192292453,4,1
65,-155.77709919293233,4,1
66,123.7406994897831,4,1
67,260.1116476069382,4,1
68,132.30956511763964,4,1
69,165.186419387709,4,1
70,150.51911009449736,4,1
71,-55.438787218951575,4,1
72,11.679149053185071,4,1
73,402.2698346302072,4,1
74,123.72151759314949,4,1
75,-3.2375955563749272,4,1
76,494.67856854593185,4,1
77,413.6074119779639,4,1
78,214.87809266078332,4,1
79,235.88177508965578,4,1
80,127.03619415329759,4,1
81,257.56658728600394,4,1
82,-14.789029978609221,4,1
83,224.79322309416014,4,1
84,130.0303251160903,4,1
85,432.24814056925004,4,1
86,15.585691797774956,4,1
87,327.3274577328088,4,1
88,105.73029134184043,4,1
89,587.3183390936804,4,1
90,338.15685138833396,4,1
91,-35.1021248296737,4,1
92,319.50488733924846,4,1
93,392.7755481043449,4,1
94,80.01139394911905,4,1
95,616.7274180579793,4,1
96,180.50437127352325,4,1
97,392.57940510512924,4,1
98,927.6964417928592,4,1
99,298.081646615691,4,1
100,755.5210472181254,4,1
101,343.28750373914806,4,1
102,958.7876759490241,4,1
103,315.5704665563958,4,1
104,283.13556724597845,4,1
105,324.9011976526834,4,1
106,373.691376794229,4,1
107,635.8832699818505,4,1
108,275.6635805912028,4,1
109,680.5242740062014,4,1
110,854.49821546037,4,1
111,647.9480227339475,4,1
112,442.3304002588014,4,1
113,727.0556994791646,4,1
114,765.6390001412973,4,1
115,680.1960097359937,4,1
116,925.9074828614812,4,1
117,1012.2446107588883,4,1
118,1278.7248208394399,4,1
119,733.4610390476994,4,1
120,1111.6209076838068,4,1
121,1216.41129914303,4,1
122,1254.8561580827518,4,1
123,1002.4184646064683,4,1
124,1338.7697763187473,4,1
125,941.0361944906547,4,1
126,1457.5628388842895,4,1
127,1195.408803377627,4,1
128,1316.81532238041,4,1
129,1382.2609923799146,4,1
130,999.8985415184928,4,1
131,1741.006450466148,4,1
132,1690.0235421357431,4,1
133,1560.7178951175194,4,1
134,1516.3655121814013,4,1
135,1439.891737213441,4,1
136,1612.6800125270825,4,1
137,1878.4377847655974,4,1
138,1898.0941045707557,4,1
139,2128.4909627458233,4,1
140,2276.3749740500175,4,1
141,2135.473521887984,4,1
142,2038.6461160003803,4,1
143,2468.7772832464757,4,1
144,2499.9807998585634,4,1
145,2095.6073072509594,4,1
146,2567.7355949178655,4,1
147,2698.863036857933,4,1
148,2552.7314028859814,4,1
149,2712.2715949813655,4,1
150,2698.097934546194,4,1
151,2996.785569683089,4,1
152,2625.626768223377,4,1
153,2892.4246758211225,4,1
154,2936.1134780241578,4,1
155,2582.214378096201,4,1
156,3396.8709638579708,4,1
157,3455.266529312414,4,1
158,3609.3575685789356,4,1
159,3194.4263693666235,4,1
160,3228.2502862528086,4,1
161,3711.5560060969033,4,1
162,3569.210717072695,4,1
163,3570.8066043129897,4,1
164,3550.499342831262,4,1
165,3520.8925710886024,4,1
166,4122.779082712072,4,1
167,4051.5643234925005,4,1
168,4608.175269160759,4,1
169,4183.272212378978,4,1
170,3868.9120991497184,4,1
171,4531.989061728545,4,1
172,4323.542606856564,4,1
173,4750.290489893726,4,1
174,4345.821875968196,4,1
175,4601.831607976106,4,1
176,4657.418256047519,4,1
177,4400.945328093728,4,1
178,4575.166683408657,4,1
179,4548.8644528031455,4,1
180,5550.329123223148,4,1
181,4527.284812121972,4,1
182,4504.897493703447,4,1
183,4956.6653905665335,4,1
184,4652.22499310357,4,1
185,4745.17346184564,4,1
186,5301.3327465111515,4,1
187,4802.417371385849,4,1
188,4793.305002141006,4,1
189,4993.015925343783,4,1
190,5059.993631602063,4,1
191,5377.560955048605,4,1
192,5246.896510660771,4,1
193,5154.839704466112,4,1
194,5309.814795509398,4,1
195,5429.669346672552,4,1
196,5283.694588541772,4,1
197,5884.378843144821,4,1
198,5488.360642637538,4,1
199,5745.315451420188,4,1
200,5590.303003726574,4,1
201,5526.723951328536,4,1
202,5513.535912762332,4,1
203,5801.17396297169,4,1
204,5595.462219033304,4,1
205,5559.311072284897,4,1
206,5488.039996289897,4,1
207,5802.477153192565,4,1
208,5739.978740677028,4,1
209,5760.6862977644905,4,1
210,5518.473917452964,4,1
211,5721.630330369642,4,1
212,5652.610266370721,4,1
213,5820.850314754289,4,1
214,5862.49577472189,4,1
215,5769.0804006637445,4,1
216,5430.888688264908,4,1
217,5541.073716371211,4,1
218,6002.432661187711,4,1
219,5700.759171187182,4,1
220,5497.577363860324,4,1
221,5331.765962791458,4,1
222,5846.76810828138,4,1
223,6049.728697117704,4,1
224,5940.55370989497,4,1
225,6429.474667942087,4,1
226,5652.496549834237,4,1
227,6204.766894195976,4,1
228,5795.584608595801,4,1
229,5772.0203870295,4,1
230,5807.874985792813,4,1
231,5854.568931982645,4,1
232,5702.424516129779,4,1
233,5828.064142190773,4,1
234,5781.043545861312,4,1
235,6133.470184088957,4,1
236,5909.313919520677,4,1
237,5972.417300672158,4,1
238,5593.488627999989,4,1
239,6076.906387765723,4,1
240,5997.948164816529,4,1
241,6250.368541644049,4,1
242,5840.075530872349,4,1
243,5644.953935461182,4,1
244,6066.724856674321,4,1
245,6224.293030170543,4,1
246,5935.4357368011615,4,1
247,6233.5887063295095,4,1
248,5631.992339376633,4,1
249,6054.04681733716,4,1
250,5666.55745058031,4,1
251,6156.957501945833,4,1
252,5713.542443883304,4,1
253,6253.258511519869,4,1
254,5676.9459304287875,4,1
255,5953.295537233071,4,1
256,6010.946707715274,4,1
257,5784.245643788645,4,1
258,6259.8777510842665,4,1
259,6179.235757065714,4,1
260,5805.722523865225,4,1
261,6247.453164631985,4,1
262,6151.276756810177,4,1
263,5730.176944609645,4,1
264,6479.148883476607,4,1
265,6175.014383855668,4,1
266,6063.960075176864,4,1
267,5579.741193926519,4,1
268,6414.551889541611,4,1
269,6323.544749313913,4,1
270,6003.683120257541,4,1
271,6299.87684030945,4,1
272,6010.335190039585,4,1
273,5964.777962382006,4,1
274,6171.65606521346,4,1
275,5670.826623436375,4,1
276,6292.730865876713,4,1
277,5934.2182203800885,4,1
278,6222.657874882555,4,1
279,6261.700944003379,4,1
280,6017.864937021062,4,1
281,5622.669690660105,4,1
282,6006.287203822155,4,1
283,6085.600628043522,4,1
284,6237.273068307248,4,1
285,5612.60975199146,4,1
286,6059.39911514031,4,1
287,6099.609643274863,4,1
288,5520.925509264215,4,1
289,6526.570216217294,4,1
290,6130.148136643746,4,1
291,6032.181741860877,4,1
292,5859.334781789993,4,1
293,5947.318581420762,4,1
294,6053.912434961296,4,1
295,6060.871223532153,4,1
296,6291.927620665079,4,1
297,5581.7567089904605,4,1
298,5989.954422578005,4,1
299,5951.222581546431,4,1
300,5623.585786457117,4,1
301,6548.667875853823,4,1
302,5578.932582863668,4,1
303,5861.949380285574,4,1
304,5901.6690757916285,4,1
305,6358.789899390899,4,1
306,5497.797278838475,4,1
307,5983.4249145707345,4,1
308,5785.197996293752,4,1
309,6201.169088989989,4,1
310,5935.45091573847,4,1
311,6733.2484607446495,4,1
312,6241.666758245643,4,1
313,5740.016937431345,4,1
314,5600.759320105977,4,1
315,6171.615541223768,4,1
316,6318.8112818644795,4,1
317,6177.364598180918,4,1
318,6005.64996031661,4,1
319,6462.5110632601845,4,1
320,6259.941492690172,4,1
321,5929.857797517997,4,1
322,5895.307029496983,4,1
323,6143.82314232493,4,1
324,5912.141093592752,4,1
325,5609.465006568122,4,1
326,6025.285425553463,4,1
327,5856.569036265499,4,1
328,6293.749989759089,4,1
329,6116.297881153259,4,1
330,6576.467827059225,4,1
331,6391.616201371193,4,1
332,6335.125040693147,4,1
333,6180.225010747522,4,1
334,5683.437301065069,4,1
335,6197.515240585881,4,1
336,5846.566343903872,4,1
337,6090.271885967735,4,1
338,6076.89399194887,4,1
339,6179.418387219205,4,1
340,5819.385003145777,4,1
341,5788.036144954479,4,1
342,5890.401417849654,4,1
343,5870.829666610119,4,1
344,6031.0479801062775,4,1
345,6231.677527860196,4,1
346,6019.939713396673,4,1
347,6092.445161168892,4,1
348,6262.767393093787,4,1
349,5555.917382999773,4,1
350,6408.524390490293,4,1
351,5756.178951936618,4,1
352,6024.03052040849,4,1
353,6210.571047228179,4,1
354,6078.90983446733,4,1
355,5523.802342315228,4,1
356,6261.285348300296,4,1
357,5436.58934275305,4,1
358,6166.272852907053,4,1
359,6032.783415731223,4,1
360,6022.457994304128,4,1
361,6147.28429342347,4,1
362,6102.286774702513,4,1
363,6322.009060883142,4,1
364,6282.4131937303455,4,1
0,148.90892219660347,5,1
1,-75.10498349390849,5,1
2,-254.3762875903636,5,1
3,382.95539585673953,5,1
4,150.88460105325888,5,1
5,53.167209351097355,5,1
6,18.09220700906767,5,1
7,46.53867843755742,5,1
8,320.7542615475088,5,1
9,-395.7068902950633,5,1
10,-295.37409613503024,5,1
11,-113.58823869404176,5,1
12,186.6314760542422,5,1
13,152.96449433185944,5,1
14,141.0091806848593,5,1
15,100.03224180430749,5,1
16,444.3561676756458,5,1
17,64.56594948416728,5,1
18,103.40674011658294,5,1
19,502.15124131145063,5,1
20,-63.42923667749875,5,1
21,216.9640149587543,5,1
22,470.4594210284539,5,1
23,279.7166192297859,5,1
24,346.45009769371063,5,1
25,119.01242898596301,5,1
26,553.8607816326271,5,1
27,31.527210648315446,5,1
28,380.5626125343602,5,1
29,298.9146514439733,5,1
30,175.0528681314383,5,1
31,10.214087234216777,5,1
32,-60.17149359668784,5,1
33,363.0375617800688,5,1
34,-15.69277322316583,5,1
35,132.98780595241755,5,1
36,97.47025646588804,5,1
37,422.4803619525235,5,1
38,476.14163949485373,5,1
39,-98.07420483439097,5,1
40,-219.32308492568706,5,1
41,212.42427910759912,5,1
42,170.28789576953577,5,1
43,148.81429642459813,5,1
44,153.56257749051878,5,1
45,168.11520760980628,5,1
46,117.29570078113366,5,1
47,-44.202458689963166,5,1
48,167.2430595270716,5,1
49,-75.67028167347223,5,1
50,34.52094625078926,5,1
51,-7.392066224809277,5,1
52,-200.54392006724282,5,1
53,249.21726209980181,5,1
54,66.10196895269078,5,1
55,43.4314795637928,5,1
56,117.13205090638394,5,1
57,15.171390959081755,5,1
58,-117.84529439650157,5,1
59,-246.15395619415978,5,1
60,140.1806211000266,5,1
61,69.45636144305308,5,1
62,26.902814540803686,5,1
63,-62.43156682892104,5,1
64,-113.97623422196729,5,1
65,-48.431408323945234,5,1
66,306.5863710773871,5,1
67,-296.2319925123238,5,1
68,535.059202160882,5,1
69,-91.16985411162051,5,1
70,258.6983486500515,5,1
71,-79.70523019607148,5,1
72,174.6040134791994,5,1
73,216.2383632661772,5,1
74,264.49814993778324,5,1
75,210.54114505205837,5,1
76,153.20614256861043,5,1
77,-1.213173141859599,5,1
78,398.40821055608615,5,1
79,277.6759877134291,5,1
80,-140.47906150663,5,1
81,239.46912273813692,5,1
82,76.59514915386166,5,1
83,-214.74587638183073,5,1
84,310.1377127432657,5,1
85,337.0404292207649,5,1
86,58.926849857598214,5,1
87,441.66550058491873,5,1
88,-46.992811185685866,5,1
89,-183.48886864062248,5,1
90,-401.10998399730215,5,1
91,32.745946849339944,5,1
92,-55.590459752073656,5,1
93,183.3425873152273,5,1
94,162.24647173333608,5,1
95,-11.960032248660013,5,1
96,-313.1386772052456,5,1
97,364.37876759580513,5,1
98,252.37758301317794,5,1
99,-130.01703012561893,5,1
100,10.524907191998665,5,1
101,462.24013595153906,5,1
102,429.8578703452806,5,1
103,292.8685474145343,5,1
104,444.67849455800655,5,1
105,151.8364369190387,5,1
106,173.37021679003973,5,1
107,533.0715077729872,5,1
108,135.9639336923815,5,1
109,-76.46397502739211,5,1
110,402.4278129436275,5,1
111,416.8356350724873,5,1
112,446.82099372861313,5,1
113,501.9926128495812,5,1
114,301.1317647165785,5,1
115,271.323136348998,5,1
116,477.22702515450476,5,1
117,435.06453145152926,5,1
118,292.5559395351266,5,1
119,390.62999320669576,5,1
120,228.92792646374096,5,1
121,611.0977418754755,5,1
122,543.8978768605882,5,1
123,146.20256430044734,5,1
124,428.2113937772421,5,1
125,645.8594924541592,5,1
126,338.3703627846762,5,1
127,694.5981537826364,5,1
128,308.1347303875441,5,1
129,473.414207866187,5,1
130,718.6658167077097,5,1
131,693.508715084964,5,1
132,391.38016330060987,5,1
133,310.9120968065938,5,1
134,653.8389276350084,5,1
135,481.04149293925593,5,1
136,648.4939983990254,5,1
137,669.7795531978277,5,1
138,696.7627031580902,5,1
139,945.9254987600384,5,1
140,741.9315824985138,5,1
141,634.0886457377251,5,1
142,1002.5174007544233,5,1
143,751.2955652761628,5,1
144,1023.1409637770124,5,1
145,976.174797068168,5,1
146,960.5587738688744,5,1
147,1023.1338578637688,5,1
148,916.7042852831978,5,1
149,517.5622614262408,5,1
150,1094.649659967041,5,1
151,899.305596628698,5,1
152,914.5729913968796,5,1
153,1189.5279788005544,5,1
154,872.5325558614151,5,1
155,999.3520686319011,5,1
156,759.9454267880219,5,1
157,809.8464390942243,5,1
158,1170.0435567418892,5,1
159,1168.5925856521221,5,1
160,1315.1802632907968,5,1
161,1539.924606296229,5,1
162,1323.0726914514667,5,1
163,1333.270146880735,5,1
164,966.5421248320104,5,1
165,1699.0498240988434,5,1
166,1341.4995886639565,5,1
167,1602.6580965762355,5,1
168,1531.7696097754379,5,1
169,1709.8394530781395,5,1
170,1747.1011162079285,5,1
171,1725.7490690475934,5,1
172,1906.6267969994608,5,1
173,1696.6854171247894,5,1
174,1902.044572910406,5,1
175,1572.902398577581,5,1
176,2017.5654867391177,5,1
177,1935.2148929309722,5,1
178,1935.5124405675974,5,1
179,1913.9833924356933,5,1
180,1932.385126417328,5,1
181,1699.5801721712908,5,1
182,2427.552622768704,5,1
183,2203.3326296382884,5,1
184,2387.487867126649,5,1
185,2402.4397418201975,5,1
186,2342.9433557527395,5,1
187,2449.9112458076183,5,1
188,2492.561967710972,5,1
189,2578.464862990244,5,1
190,2634.654577528707,5,1
191,2830.035237962397,5,1
192,3034.882413189699,5,1
193,3066.4593534165824,5,1
194,2800.9365674577352,5,1
195,3038.874109876381,5,1
196,2938.195224376212,5,1
197,3339.135865319036,5,1
198,3277.8459088849786,5,1
199,3344.9606532505136,5,1
200,3309.7884869427307,5,1
201,3247.1648762123327,5,1
202,3462.429174986453,5,1
203,3370.9718096071047,5,1
204,3442.9749781309647,5,1
205,3225.5044975174956,5,1
206,3719.873216188169,5,1
207,3759.481796423017,5,1
208,3693.2080515679922,5,1
209,3966.021409787456,5,1
210,3948.202295254432,5,1
211,3652.0455470647803,5,1
212,3701.249606973909,5,1
213,3845.8981414637847,5,1
214,4110.068678539031,5,1
215,3880.5155020861785,5,1
216,4052.7844315425737,5,1
217,4336.026311247788,5,1
218,4278.832356961096,5,1
219,4019.6385542709068,5,1
220,4611.604255640475,5,1
221,4258.5036219564745,5,1
222,4626.879828071858,5,1
223,4425.305529594799,5,1
224,4458.8753654466145,5,1
225,4168.608661011171,5,1
226,4654.004431260648,5,1
227,4512.178725894946,5,1
228,5126.52835226254,5,1
229,4648.984922993109,5,1
230,4659.349548339131,5,1
231,5046.74580925824,5,1
232,5137.330722815859,5,1
233,4774.304440352367,5,1
234,5139.278509166293,5,1
235,5070.999616765277,5,1
236,5303.746231199919,5,1
237,5308.81563075963,5,1
238,5007.960075264258,5,1
239,5498.404513380854,5,1
240,5459.062930386142,5,1
241,5548.444020859585,5,1
242,5581.974343030318,5,1
243,5390.936410026153,5,1
244,5267.493790287624,5,1
245,5645.213217832249,5,1
246,5748.928299261965,5,1
247,5783.380683492742,5,1
248,5376.607799999977,5,1
249,5902.046352893019,5,1
250,5609.762021854212,5,1
251,5838.27470354571,5,1
252,5365.933984594016,5,1
253,5732.165330019247,5,1
254,6274.157019859546,5,1
255,5723.929140193189,5,1
256,6014.852573198984,5,1
257,5785.942855114463,5,1
258,5657.262731502256,5,1
259,6420.598251413809,5,1
260,6428.521008304625,5,1
261,5792.651786601431,5,1
262,5858.107352006684,5,1
263,6158.391321236723,5,1
264,6230.21380435247,5,1
265,6726.619956888181,5,1
266,6148.688189270908,5,1
267,6301.366077086951,5,1
268,6285.401834628955,5,1
269,6060.63528130247,5,1
270,6440.961158027332,5,1
271,6424.855212774657,5,1
272,6260.724092323902,5,1
273,6736.2619543813025,5,1
274,6726.4687629090895,5,1
275,6495.552531864154,5,1
276,6284.366736232824,5,1
277,6553.529537079394,5,1
278,6241.933774180163,5,1
279,6384.647576572079,5,1
280,6402.836977973003,5,1
281,6562.813365338453,5,1
282,6367.492126205546,5,1
283,6628.366129908739,5,1
284,6320.675624506876,5,1
285,6382.346727557978,5,1
286,6570.720063687876,5,1
287,6921.484143368733,5,1
288,6787.250528439994,5,1
289,7118.749346615579,5,1
290,6685.641033583888,5,1
291,6445.647131527084,5,1
292,6560.11822230337,5,1
293,6478.280440472001,5,1
294,6244.273402341828,5,1
295,7164.124461229128,5,1
296,6580.677303767252,5,1
297,6255.895790830441,5,1
298,6948.2130691164975,5,1
299,6706.366720224062,5,1
300,6600.759528858345,5,1
301,6385.996357261199,5,1
302,6695.660659045449,5,1
303,6542.225201443377,5,1
304,6769.450179443475,5,1
305,6850.4105188904205,5,1
306,6510.0936373945015,5,1
307,6753.615913438393,5,1
308,6885.931923178304,5,1
309,7168.130871367199,5,1
310,6872.287617451852,5,1
311,6697.757681310558,5,1
312,6687.100321086542,5,1
313,7178.75237052834,5,1
314,6580.775732331872,5,1
315,7219.096884592735,5,1
316,6597.53062341114,5,1
317,6520.990809184206,5,1
318,7047.004331987173,5,1
319,7239.153485476795,5,1
320,6860.739697700041,5,1
321,6637.869257550189,5,1
322,6920.16079797553,5,1
323,7302.199607431198,5,1
324,6618.169396097588,5,1
325,7119.720264978006,5,1
326,6941.612195670533,5,1
327,6571.43950810071,5,1
328,6672.374242180262,5,1
329,6779.184146340156,5,1
330,6625.622062256426,5,1
331,7128.251868969257,5,1
332,6885.835381384384,5,1
333,6857.746787407896,5,1
334,6954.087837169691,5,1
335,6936.253604597676,5,1
336,7004.300138148289,5,1
337,7056.081493523995,5,1
338,7140.350667181838,5,1
339,6823.65674838969,5,1
340,6479.070483839495,5,1
341,7158.124297003602,5,1
342,6999.160031417654,5,1
343,6820.5431471638685,5,1
344,7120.556326834737,5,1
345,7410.983042586717,5,1
346,6733.006421295213,5,1
347,6978.329244099583,5,1
348,6809.881206475161,5,1
349,7121.252645277324,5,1
350,7055.938795476034,5,1
351,6783.180807606922,5,1
352,6722.672147630189,5,1
353,6875.717454452849,5,1
354,6777.397130262518,5,1
355,6875.546001592684,5,1
356,6617.01040439628,5,1
357,6597.395332419122,5,1
358,6898.848883762307,5,1
359,6972.42351107859,5,1
360,6827.075039474444,5,1
361,7222.818447648988,5,1
362,6864.62977687504,5,1
363,6855.102789982323,5,1
364,7129.961306273886,5,1
0,299.6769519886471,6,2
1,-70.29248275319416,6,2
2,-90.7379113705945,6,2
3,55.86336606609969,6,2
4,-310.04962285439797,6,2
5,18.572561999784455,6,2
6,132.85630010622424,6,2
7,-424.90764577756426,6,2
8,315.91901461071507,6,2
9,344.96445432725636,6,2
10,-95.06913001748318,6,2
11,200.3375741703043,6,2
12,-282.67321750755934,6,2
13,192.13830891304568,6,2
14,92.72907064510377,6,2
15,71.1005638958261,6,2
16,42.26188539760585,6,2
17,185.62309788414098,6,2
18,807.5947685602367,6,2
19,296.99577623839286,6,2
20,288.81291086053693,6,2
21,-202.94559552324893,6,2
22,105.30573856906119,6,2
23,-139.25729615865046,6,2
24,305.1238535653893,6,2
25,-63.66004569721338,6,2
26,-260.5505000547244,6,2
27,24.954416038013356,6,2
28,116.54810015081405,6,2
29,-5.5373196067740835,6,2
30,-485.0585641768744,6,2
31,-294.4821742723794,6,2
32,93.14488502615939,6,2
33,-139.79614134461062,6,2
34,-95.87842413191127,6,2
35,-5.2837163602046635,6,2
36,120.29911019980553,6,2
37,-401.1604455465923,6,2
38,-112.69526503491612,6,2
39,246.2105831652102,6,2
40,99.30413011212782,6,2
41,125.72420221091477,6,2
42,384.33974643839275,6,2
43,-121.09443515514427,6,2
44,-263.596795461558,6,2
45,103.66833190381152,6,2
46,82.27837833373616,6,2
47,97.57711344069071,6,2
48,311.6036883526797,6,2
49,83.06244262194598,6,2
50,172.27502530698155,6,2
51,161.72737660480882,6,2
52,35.02081579112901,6,2
53,168.90813762939547,6,2
54,128.36127524977644,6,2
55,248.2510314217844,6,2
56,202.38636371923798,6,2
57,181.42655803132618,6,2
58,122.95205462686982,6,2
59,-235.02197424262474,6,2
60,-74.50822441469597,6,2
61,-100.84890051970211,6,2
62,25.434312817055122,6,2
63,-130.99366999246317,6,2
64,-96.10771571475294,6,2
65,199.07696629801774,6,2
66,-522.0213982209681,6,2
67,247.43464271808807,6,2
68,60.68586399119168,6,2
69,106.91398301670628,6,2
70,-240.029870202886,6,2
71,-189.06808421895371,6,2
72,-103.10297169292026,6,2
73,-53.69413931899197,6,2
74,206.58321873342987,6,2
75,125.81353531739938,6,2
76,97.0408527514866,6,2
77,495.13010437738177,6,2
78,295.4908874629268,6,2
79,150.1419334488219,6,2
80,200.77674648447658,6,2
81,-4.93362934848173,6,2
82,467.1312724058156,6,2
83,-349.89364065305347,6,2
84,-29.5231528155756,6,2
85,15.14010767471818,6,2
86,134.59943802943812,6,2
87,-360.82546255180864,6,2
88,90.92403307410616,6,2
89,-73.902173692424,6,2
90,-78.19246566902471,6,2
91,36.531945685067804,6,2
92,-6.125659640289285,6,2
93,77.31382481382364,6,2
94,-16.45781704061227,6,2
95,126.368988760669,6,2
96,18.980660743726958,6,2
97,113.25342914276818,6,2
98,133.14025562944963,6,2
99,295.81367355661075,6,2
100,-453.3398617260376,6,2
101,259.03642829640125,6,2
102,225.8451823742946,6,2
103,649.0919695819936,6,2
104,4.231972480935582,6,2
105,134.9265153966255,6,2
106,439.58399217557405,6,2
107,142.1305722941746,6,2
108,309.15924347316343,6,2
109,216.367517041557,6,2
110,-251.82414399822417,6,2
111,104.97837719523426,6,2
112,669.2886117328751,6,2
113,-105.56719845919227,6,2
114,607.1483128309779,6,2
115,311.23091128454774,6,2
116,-135.7901812611031,6,2
117,265.02366894925626,6,2
118,207.2597550000611,6,2
119,-127.56172949955703,6,2
120,167.1114198859228,6,2
121,621.3626713980541,6,2
122,273.99928953169575,6,2
123,326.5653183913611,6,2
124,533.1912900318551,6,2
125,694.2363574623115,6,2
126,406.11576255988325,6,2
127,-113.011332727427,6,2
128,170.9052524468397,6,2
129,82.29901755289154,6,2
130,154.16597700944985,6,2
131,246.08701734978587,6,2
132,388.9705977513216,6,2
133,378.8859251999944,6,2
134,-20.855663226273236,6,2
135,804.2949480766342,6,2
136,383.84828103487854,6,2
137,110.90488637302559,6,2
138,689.4063137404146,6,2
139,598.3586791954899,6,2
140,881.1167674260687,6,2
141,581.6983531629131,6,2
142,300.1960953679056,6,2
143,227.90320785592303,6,2
144,444.9149825832218,6,2
145,488.29009068513955,6,2
146,402.5478843007355,6,2
147,745.4630893701377,6,2
148,-18.833587301462728,6,2
149,605.9698316862612,6,2
150,205.4281402187445,6,2
151,376.5286196185085,6,2
152,631.8043709391775,6,2
153,246.93992809244486,6,2
154,424.12194877644475,6,2
155,673.178982211794,6,2
156,19.59069112572172,6,2
157,848.3421179101254,6,2
158,234.97914020408814,6,2
159,545.1624764746464,6,2
160,303.6116763616151,6,2
161,462.5442844850566,6,2
162,620.7066552680877,6,2
163,479.3424272384094,6,2
164,608.5894115933934,6,2
165,790.0173949798179,6,2
166,265.08202722395146,6,2
167,613.9034503875049,6,2
168,691.5682009109729,6,2
169,1140.9157824468666,6,2
170,602.3385993042173,6,2
171,708.9652955412826,6,2
172,549.863655153559,6,2
173,850.4002633921285,6,2
174,797.2396706574657,6,2
175,1070.2152917686076,6,2
176,857.9565262965692,6,2
177,506.7590883621209,6,2
178,792.0926262148857,6,2
179,888.5637780275439,6,2
180,899.3579066162616,6,2
181,1088.9289454965092,6,2
182,864.067641414046,6,2
183,946.1843985798749,6,2
184,559.0732562403839,6,2
185,701.4317603082911,6,2
186,974.2565154010902,6,2
187,1383.2978095361882,6,2
188,956.6639973737537,6,2
189,1427.4095639089805,6,2
190,842.9366097595118,6,2
191,705.9429737136815,6,2
192,1467.3108314536048,6,2
193,1001.409567860353,6,2
194,1074.0146702567752,6,2
195,1074.8709599857045,6,2
196,959.3598305814759,6,2
197,1101.2182915855508,6,2
198,1033.884338555415,6,2
199,1116.6392001567986,6,2
200,1347.3166796422552,6,2
201,1041.0839147421325,6,2
202,943.9439508997428,6,2
203,1438.92831432771,6,2
204,926.0435878132049,6,2
205,1384.346385515054,6,2
206,1124.4882912213402,6,2
207,1234.5545945275321,6,2
208,1407.3299586257478,6,2
209,1725.1847730063005,6,2
210,1692.8453494367818,6,2
211,1575.0995077165799,6,2
212,1308.9844392085802,6,2
213,902.9900969495025,6,2
214,1357.9870429384657,6,2
215,1468.7900678294548,6,2
216,1494.2296764140735,6,2
217,1834.444481813022,6,2
218,1600.1146081339496,6,2
219,1394.3776773875563,6,2
220,1448.0176366233773,6,2
221,1337.4843191584423,6,2
222,1692.9381660970873,6,2
223,1940.6666899164445,6,2
224,1730.8138305930968,6,2
225,2077.0826756194774,6,2
226,1846.6847375778689,6,2
227,1546.2011078829682,6,2
228,1710.3831477744043,6,2
229,1756.5883659049653,6,2
230,2249.940887923751,6,2
231,1721.6057671968288,6,2
232,1888.8221461045016,6,2
233,2194.4895247820805,6,2
234,1762.676738922847,6,2
235,1650.9090919148293,6,2
236,2345.1890431632646,6,2
237,2121.2674409398605,6,2
238,2061.28668736454,6,2
239,2310.1579599089623,6,2
240,2392.360529131638,6,2
241,2296.2470020528535,6,2
242,2319.2906363367365,6,2
243,2104.7645963489963,6,2
244,1735.6398508753573,6,2
245,2351.0754660643743,6,2
246,1813.3720603000193,6,2
247,2583.763040797809,6,2
248,2434.501513099809,6,2
249,2382.618830691409,6,2
250,2638.064579238134,6,2
251,2707.384575773648,6,2
252,2217.5749112106923,6,2
253,2433.4768222559446,6,2
254,2925.3302816282117,6,2
255,2839.5507391453116,6,2
256,2670.5552556641014,6,2
257,2909.5361934443667,6,2
258,2517.3627346791695,6,2
259,2920.762392833659,6,2
260,2628.8380416209566,6,2
261,2508.4500882612024,6,2
262,2966.482548242196,6,2
263,2239.084148182336,6,2
264,2826.690635458397,6,2
265,2393.777760177998,6,2
266,2920.739183921025,6,2
267,2663.615792701961,6,2
268,2915.611311184957,6,2
269,2873.367507116286,6,2
270,2442.8533193054955,6,2
271,2938.403135075373,6,2
272,2991.9695713019833,6,2
273,2726.187501039325,6,2
274,2818.56490822666,6,2
275,2543.245143967657,6,2
276,3183.2345045333363,6,2
277,3320.4502521774593,6,2
278,3041.411731321139,6,2
279,3195.4716076696463,6,2
280,3032.044298191496,6,2
281,3329.078921954842,6,2
282,3037.739287719317,6,2
283,3284.9921165297646,6,2
284,3176.4425680696622,6,2
285,3068.1169152052994,6,2
286,3328.7489955955316,6,2
287,2766.76802830428,6,2
288,3233.976656521585,6,2
289,3349.825331906396,6,2
290,3102.3489617333835,6,2
291,3284.9192630813995,6,2
292,3549.4194266904283,6,2
293,3075.5579196915355,6,2
294,3266.0351164569292,6,2
295,2963.6517100894716,6,2
296,3713.5355399149184,6,2
297,3223.1069040516577,6,2
298,3429.2663106132127,6,2
299,3347.571575219875,6,2
300,3403.180304733769,6,2
301,3230.380464564215,6,2
302,3269.1481117336466,6,2
303,3319.151795255828,6,2
304,3310.503587313292,6,2
305,3884.3998444488448,6,2
306,3597.8700246006647,6,2
307,3353.6987232384186,6,2
308,3760.2759396264883,6,2
309,3250.8167268098737,6,2
310,3970.3028613837314,6,2
311,3932.508859101218,6,2
312,3498.250358945908,6,2
313,3539.7965985577,6,2
314,3588.1505381136835,6,2
315,3573.4897726368754,6,2
316,3743.547872636248,6,2
317,3301.027602225125,6,2
318,3486.5573532616677,6,2
319,3448.487857871446,6,2
320,3083.001431490164,6,2
321,3579.1846199201495,6,2
322,3461.1720591799335,6,2
323,3887.1609037424914,6,2
324,3733.9221468211267,6,2
325,3875.802534493129,6,2
326,3490.1960450817373,6,2
327,3452.4875492435403,6,2
328,4208.9277115576615,6,2
329,3406.1586488509247,6,2
330,3615.0084316212938,6,2
331,3958.7883289924225,6,2
332,3301.9876170573816,6,2
333,4023.916843306155,6,2
334,4234.819854010817,6,2
335,3431.1406559766306,6,2
336,3999.4506067475163,6,2
337,3366.072139873344,6,2
338,3825.758256386908,6,2
339,3690.4970974349844,6,2
340,3797.7302553667146,6,2
341,4067.54445635521,6,2
342,3712.11108584487,6,2
343,3839.4748150922505,6,2
344,3816.453574061291,6,2
345,3828.9540141606067,6,2
346,3752.539145495454,6,2
347,3887.0102175679767,6,2
348,3967.3222387033834,6,2
349,3481.591759448142,6,2
350,4023.8671591276097,6,2
351,3262.02956648214,6,2
352,2982.018771796305,6,2
353,3757.0026811238895,6,2
354,3986.3123454368406,6,2
355,3782.0958831765915,6,2
356,3296.318270728217,6,2
357,4024.159150396676,6,2
358,3880.971635539451,6,2
359,3939.7458139989644,6,2
360,4295.156978284942,6,2
361,3851.222112384694,6,2
362,3760.8830009735416,6,2
363,4260.3349861732095,6,2
364,4413.670855732794,6,2
0,-107.82363058133913,7,2
1,347.0612704935231,7,2
2,-114.09192739888076,7,2
3,210.76116748106813,7,2
4,-224.03073244698038,7,2
5,-178.98748116420165,7,2
6,475.2426810657853,7,2
7,338.1531410894835,7,2
8,-106.47581465920103,7,2
9,271.6740139651226,7,2
10,-118.41023184705928,7,2
11,-44.70889945407575,7,2
12,-348.47941291939844,7,2
13,181.43350294804142,7,2
14,-245.26201910799224,7,2
15,70.96632591157352,7,2
16,-135.73734776877203,7,2
17,-86.62632406444614,7,2
18,-99.42256620516025,7,2
19,-62.61184443958551,7,2
20,-32.968609305410936,7,2
21,274.94792406186724,7,2
22,384.4662665001378,7,2
23,96.58991344184923,7,2
24,-14.27450476393031,7,2
25,-114.99179521621124,7,2
26,184.36733985794672,7,2
27,-46.292999883603635,7,2
28,186.2076598840367,7,2
29,-147.11568843284923,7,2
30,112.56162521015487,7,2
31,276.536550608469,7,2
32,363.84510042396107,7,2
33,138.8959892437895,7,2
34,-274.13463292667785,7,2
35,-456.177874353757,7,2
36,-38.00761367320979,7,2
37,561.4479365152405,7,2
38,-34.022291258831274,7,2
39,10.80307573327687,7,2
40,84.36566353498868,7,2
41,153.69589752285347,7,2
42,167.4671977299956,7,2
43,167.55599802246502,7,2
44,131.86591562045405,7,2
45,144.5079810242518,7,2
46,177.0444030825731,7,2
47,72.69506855030794,7,2
48,1.087329423935584,7,2
49,81.00176757075222,7,2
50,152.2340358600846,7,2
51,216.03664586119743,7,2
52,331.90893983205086,7,2
53,-179.07188429052724,7,2
54,227.99473723819366,7,2
55,-91.18349136454174,7,2
56,236.51021794816782,7,2
57,-145.2998792981141,7,2
58,-311.86803375493014,7,2
59,159.2506102674957,7,2
60,65.14539302542228,7,2
61,94.1757044800531,7,2
62,-323.57179589853837,7,2
63,193.53785060545636,7,2
64,287.2189464914014,7,2
65,14.57729785006677,7,2
66,390.1536409586755,7,2
67,-106.69324785503377,7,2
68,-49.707023105360435,7,2
69,90.0052841936575,7,2
70,-194.67960559572245,7,2
71,-153.5510492694454,7,2
72,381.6517521501464,7,2
73,-190.7230342985237,7,2
74,-124.7673993087941,7,2
75,18.666441238012062,7,2
76,287.02304640212094,7,2
77,-198.94727219203597,7,2
78,-287.0695421344542,7,2
79,195.89833918148295,7,2
80,-58.94502766308584,7,2
81,-82.59441841829374,7,2
82,-257.56398853729263,7,2
83,-76.58333046314515,7,2
84,77.68866609396154,7,2
85,-13.868627078180758,7,2
86,267.7661973036884,7,2
87,-216.03796770529692,7,2
88,-113.62756286725286,7,2
89,22.38712593219531,7,2
90,-124.58823843460286,7,2
91,-116.56404292917733,7,2
92,252.1456788687459,7,2
93,-53.96026553135815,7,2
94,5.509722839663937,7,2
95,107.70861139200524,7,2
96,366.28866368840033,7,2
97,13.17418928631485,7,2
98,153.93354884303085,7,2
99,-258.26010587596693,7,2
100,250.59600011846462,7,2
101,121.98020702960567,7,2
102,127.84837675351254,7,2
103,254.1719335977935,7,2
104,-236.10723818664454,7,2
105,-319.74192628099325,7,2
106,-203.16218975668266,7,2
107,-277.30758512318016,7,2
108,46.42305589395448,7,2
109,-53.86291527542051,7,2
110,300.8141955127169,7,2
111,253.98631830443236,7,2
112,-72.65938684744344,7,2
113,-198.1804921881386,7,2
114,49.2749855389128,7,2
115,313.3886724078471,7,2
116,221.26865582800573,7,2
117,-235.42243116509937,7,2
118,276.46173481825997,7,2
119,-20.813209123506695,7,2
120,76.85208693319782,7,2
121,196.01510953137594,7,2
122,370.6700175114403,7,2
123,366.769970156145,7,2
124,-163.08132078055786,7,2
125,-105.07103781078636,7,2
126,467.6655384537672,7,2
127,216.55269238341904,7,2
128,648.5257451409119,7,2
129,52.322563024837116,7,2
130,134.05795498376565,7,2
131,414.53171857611915,7,2
132,-68.2758924024538,7,2
133,-18.673167094370854,7,2
134,183.50713734823853,7,2
135,402.7298022269708,7,2
136,-239.87471727330131,7,2
137,-143.37383957085186,7,2
138,127.33857490560916,7,2
139,-5.929597378192113,7,2
140,392.9296003786502,7,2
141,416.1797647357422,7,2
142,115.01655687462785,7,2
143,-318.6302563689967,7,2
144,-10.65430335255283,7,2
145,118.83869899111525,7,2
146,299.6158201060118,7,2
147,73.03644836953326,7,2
148,82.20862991613204,7,2
149,588.6804918163483,7,2
150,276.9115780256558,7,2
151,250.06129057173104,7,2
152,219.91405550462548,7,2
153,491.2401733331611,7,2
154,247.30609738267756,7,2
155,75.9580288548423,7,2
156,24.193170382717057,7,2
157,236.84914814728612,7,2
158,166.66602835731936,7,2
159,37.206018615736866,7,2
160,259.89875268507484,7,2
161,187.00862764825894,7,2
162,27.788968492607097,7,2
163,185.73127240961912,7,2
164,128.1670000777538,7,2
165,181.03380082249328,7,2
166,-182.86445842231322,7,2
167,361.6803112596503,7,2
168,283.69812659316227,7,2
169,447.1860017955986,7,2
170,83.46882804249555,7,2
171,442.8253362213762,7,2
172,359.59780025661735,7,2
173,329.35295871105296,7,2
174,40.580932673288316,7,2
175,354.90145481360895,7,2
176,676.2745336545015,7,2
177,507.005921588247,7,2
178,518.1126850867886,7,2
179,337.42774548637794,7,2
180,451.55541171262433,7,2
181,135.56828153478642,7,2
182,353.3178980368106,7,2
183,371.7080216684586,7,2
184,277.3801287384466,7,2
185,231.4570340028673,7,2
186,368.9068348425046,7,2
187,6.709145269965461,7,2
188,507.0638010124509,7,2
189,64.97852978558115,7,2
190,514.1769092095357,7,2
191,898.7704327656277,7,2
192,521.8156923157453,7,2
193,475.39696397882693,7,2
194,509.3652887301705,7,2
195,514.4200049210423,7,2
196,180.4247593677561,7,2
197,532.4823526583825,7,2
198,570.4817139503195,7,2
199,654.5594951011178,7,2
200,402.66285437354696,7,2
201,609.3408091020584,7,2
202,778.6092655664236,7,2
203,1059.5873124131508,7,2
204,717.9823210268931,7,2
205,443.1671282762038,7,2
206,843.8538429874546,7,2
207,533.477330718639,7,2
208,813.9017512464198,7,2
209,649.3437334274047,7,2
210,891.814953213144,7,2
211,1146.2764685288462,7,2
212,596.1943150914822,7,2
213,774.2568817514608,7,2
214,627.4698876100049,7,2
215,800.459088152647,7,2
216,487.46834839474695,7,2
217,726.3071732710708,7,2
218,799.0828515547571,7,2
219,690.9652213195857,7,2
220,779.6072280271586,7,2
221,869.8002071680951,7,2
222,963.0003617038872,7,2
223,777.2911780884299,7,2
224,645.8461580256965,7,2
225,646.493466749429,7,2
226,1014.0014615053831,7,2
227,705.7083424131949,7,2
228,863.6908247002207,7,2
229,1204.7073160044627,7,2
230,805.5551962044915,7,2
231,977.1119279192028,7,2
232,1331.1771416735535,7,2
233,950.0347108084396,7,2
234,1282.5885524128823,7,2
235,927.740855452532,7,2
236,1172.4883481809675,7,2
237,961.0234374252066,7,2
238,1278.3488144240148,7,2
239,1182.2990790677022,7,2
240,1200.264498917799,7,2
241,1310.9409286802427,7,2
242,996.9967124700042,7,2
243,1234.4843011645185,7,2
244,1105.9638616779312,7,2
245,1508.7820805515291,7,2
246,1606.1671404497613,7,2
247,1282.7359253283762,7,2
248,1504.7513671669803,7,2
249,1730.1250280719541,7,2
250,1741.544691061407,7,2
251,1652.8283327731535,7,2
252,1546.083300551344,7,2
253,1567.0697093574324,7,2
254,1775.0783028189037,7,2
255,1729.7922788014785,7,2
256,1632.0752427616521,7,2
257,2052.608249601861,7,2
258,1599.5703539118786,7,2
259,1660.2072864432935,7,2
260,1894.4835865115351,7,2
261,1565.1940697541022,7,2
262,1764.7047000733069,7,2
263,1778.8885824400104,7,2
264,1804.2592079700262,7,2
265,1464.0154045918375,7,2
266,1778.3537872019574,7,2
267,2061.9996838009056,7,2
268,1925.126857556057,7,2
269,2268.5890978288885,7,2
270,2364.0300533166965,7,2
271,1699.93020454922,7,2
272,1695.9922007391274,7,2
273,2102.3566776713706,7,2
274,1887.1022497324552,7,2
275,1763.155522866985,7,2
276,2220.0331110368234,7,2
277,2138.43478788464,7,2
278,2118.848015895869,7,2
279,2402.302641494936,7,2
280,1973.7999281940702,7,2
281,2224.8841829910098,7,2
282,1964.0724763267935,7,2
283,2337.985287088872,7,2
284,2576.2590464233317,7,2
285,2555.7663685548478,7,2
286,2679.163849313813,7,2
287,2151.213680793518,7,2
288,2538.6131768022833,7,2
289,2671.8774388923125,7,2
290,2573.024938483072,7,2
291,2726.0853308466335,7,2
292,2680.5575626936347,7,2
293,2596.9900756857337,7,2
294,2625.6949866442883,7,2
295,2609.0872219995986,7,2
296,2752.8695869962758,7,2
297,3238.8544097397785,7,2
298,2593.656772888129,7,2
299,2804.23488491636,7,2
300,2687.2767003989406,7,2
301,3017.4079775321793,7,2
302,3198.254296862094,7,2
303,2736.203469556597,7,2
304,2966.6548071681077,7,2
305,3313.25858160162,7,2
306,3112.046446880741,7,2
307,2897.1305994073086,7,2
308,3422.186268307873,7,2
309,3059.4160251647836,7,2
310,2767.2551573241167,7,2
311,2968.387115740482,7,2
312,3226.129982883794,7,2
313,3130.7240175379698,7,2
314,3096.17054181763,7,2
315,3246.682082293299,7,2
316,3258.526537139647,7,2
317,3157.423721841582,7,2
318,3097.855073042203,7,2
319,3435.760554762779,7,2
320,3115.0857189928674,7,2
321,3576.894026806102,7,2
322,3303.1155619566166,7,2
323,3470.5373607601787,7,2
324,3356.6586557586083,7,2
325,3556.582037828646,7,2
326,3338.7488928669463,7,2
327,3455.3442242103347,7,2
328,3425.6901707488214,7,2
329,3518.2602421957235,7,2
330,3823.236412495398,7,2
331,3975.6967331619144,7,2
332,3692.9337568731708,7,2
333,3776.172127412314,7,2
334,3671.107546225582,7,2
335,4158.755144918691,7,2
336,4159.829778986619,7,2
337,3818.152882606699,7,2
338,3804.146953063327,7,2
339,3836.8346374653215,7,2
340,4359.832336304958,7,2
341,3809.1363449590594,7,2
342,3629.3487309601364,7,2
343,3777.041735497876,7,2
344,4090.469544497461,7,2
345,3823.89200876103,7,2
346,4028.6503538182606,7,2
347,3783.9326282957263,7,2
348,3610.6487687104973,7,2
349,3928.5371768219293,7,2
350,4193.210562810928,7,2
351,4048.7329162180204,7,2
352,4176.893269248391,7,2
353,3841.8998966873105,7,2
354,4247.167694975173,7,2
355,3887.2314626793177,7,2
356,4015.453200537443,7,2
357,3944.5280194647667,7,2
358,3699.4798408130964,7,2
359,3709.280678714343,7,2
360,4157.177181704033,7,2
361,3892.082850094146,7,2
362,4304.558563722326,7,2
363,4215.73416415082,7,2
364,3743.246791554608,7,2
0,202.53783950413475,8,2
1,-385.22762900199973,8,2
2,33.20020660512574,8,2
3,-237.104348047492,8,2
4,58.45077983761014,8,2
5,632.0803253284415,8,2
6,-32.97806893444459,8,2
7,450.47467562732186,8,2
8,10.486166971069025,8,2
9,119.18986577494243,8,2
10,403.89009135064043,8,2
11,338.05795766580445,8,2
12,-84.07582356913954,8,2
13,271.9137861471822,8,2
14,160.55937862916366,8,2
15,361.3440114347035,8,2
16,244.46729727032204,8,2
17,41.56823377914813,8,2
18,392.60879426577304,8,2
19,-0.14751403284189735,8,2
20,365.68792937743103,8,2
21,366.06706020111915,8,2
22,-208.55073714658806,8,2
23,-142.86447088556596,8,2
24,99.71357355073647,8,2
25,148.62728863819115,8,2
26,313.3093613595123,8,2
27,8.778812739703227,8,2
28,302.7393154759998,8,2
29,146.31485937144424,8,2
30,43.64761754006366,8,2
31,316.8885488346048,8,2
32,163.6407861611236,8,2
33,-204.9111749507729,8,2
34,353.01963068540056,8,2
35,-293.275160093975,8,2
36,-343.7223616035192,8,2
37,-703.3687100905859,8,2
38,102.39914474294004,8,2
39,380.43443628449967,8,2
40,877.0045085847544,8,2
41,-66.32245509522949,8,2
42,-439.93612089946555,8,2
43,-13.546507785456505,8,2
44,340.0177789309902,8,2
45,56.95805575391637,8,2
46,-338.85879503663267,8,2
47,195.7983084353736,8,2
48,581.2951244687133,8,2
49,353.54406294839606,8,2
50,-160.31605579677415,8,2
51,340.06655634946077,8,2
52,257.31996984461176,8,2
53,-23.515583002129716,8,2
54,563.8994637292062,8,2
55,305.27690270329435,8,2
56,160.6161615582863,8,2
57,155.37507909771836,8,2
58,-217.64916886905752,8,2
59,-54.79004382845369,8,2
60,74.6949309720483,8,2
61,158.13806348127122,8,2
62,782.7029432904635,8,2
63,-172.94910147042043,8,2
64,250.49256589672422,8,2
65,-56.88247370113794,8,2
66,-85.31501385668344,8,2
67,273.6972361097621,8,2
68,45.22694498621622,8,2
69,-262.0997043916892,8,2
70,-163.49165629443854,8,2
71,173.28988622873555,8,2
72,25.147741047322953,8,2
73,213.9795431650116,8,2
74,184.5979145521273,8,2
75,278.3824442377692,8,2
76,-244.1987910202533,8,2
77,110.76585059889976,8,2
78,-219.88233525971003,8,2
79,228.8243875407907,8,2
80,352.91618435217686,8,2
81,239.85568747489174,8,2
82,452.50638713201386,8,2
83,482.51815212078264,8,2
84,431.1478665038822,8,2
85,112.07649390172779,8,2
86,210.84481721485523,8,2
87,362.67380749493805,8,2
88,153.42832346309723,8,2
89,161.73590940481012,8,2
90,303.7180762436859,8,2
91,389.47766020646884,8,2
92,698.9406842713921,8,2
93,25.135447280382465,8,2
94,158.39774774635328,8,2
95,280.09203236258264,8,2
96,62.379652192263706,8,2
97,-295.7147891763838,8,2
98,310.7349024058971,8,2
99,579.9144499773239,8,2
100,341.55131299932134,8,2
101,-97.79344217619828,8,2
102,218.2373244221371,8,2
103,89.9020519105954,8,2
104,512.6411829049441,8,2
105,366.68413101903076,8,2
106,417.41615129339993,8,2
107,538.046059635901,8,2
108,562.5638160873161,8,2
109,259.50008796409446,8,2
110,261.8501190262756,8,2
111,-31.299889385697327,8,2
112,606.2319608658136,8,2
113,588.306009225344,8,2
114,369.9110092753941,8,2
115,301.5909311225685,8,2
116,-163.40022191988476,8,2
117,-67.90836341370334,8,2
118,511.99710725121963,8,2
119,580.5579790856721,8,2
120,226.92994758686217,8,2
121,610.7309124146809,8,2
122,330.76679619827644,8,2
123,289.452106607103,8,2
124,96.71317585923913,8,2
125,-43.005140818626614,8,2
126,151.7984578302751,8,2
127,15.701624803011953,8,2
128,121.5477401469013,8,2
129,598.8927265990662,8,2
130,262.7224238569478,8,2
131,362.1979768096436,8,2
132,621.083733209839,8,2
133,247.85196225253156,8,2
134,93.85624981974144,8,2
135,535.9458380714347,8,2
136,498.40320008740844,8,2
137,123.5236784229059,8,2
138,330.68580671471534,8,2
139,502.14131772934076,8,2
140,555.4332860136849,8,2
141,645.8023835964899,8,2
142,692.8570848386922,8,2
143,224.4162120550144,8,2
144,319.20207312814944,8,2
145,541.0815342347158,8,2
146,307.4807919289751,8,2
147,596.458219444712,8,2
148,463.3427889261055,8,2
149,778.1697866773142,8,2
150,386.78619692650955,8,2
151,637.0233380490532,8,2
152,530.3335807110188,8,2
153,914.1758157978593,8,2
154,387.4973838656682,8,2
155,715.0326259261853,8,2
156,540.4947080754217,8,2
157,672.0286064584878,8,2
158,350.09619993869677,8,2
159,294.5800672337268,8,2
160,678.7781870952941,8,2
161,841.6138641000562,8,2
162,1084.2955311794838,8,2
163,479.13184590533297,8,2
164,1024.2252316120089,8,2
165,638.5410041495417,8,2
166,1234.5532462435885,8,2
167,473.990186896001,8,2
168,691.2347906857401,8,2
169,1074.3671726513837,8,2
170,386.823394085472,8,2
171,1076.9008369506082,8,2
172,855.6051418201822,8,2
173,812.4827592024719,8,2
174,1109.226857268675,8,2
175,850.2775224830223,8,2
176,983.9437433416613,8,2
177,836.5380323314755,8,2
178,816.405096982041,8,2
179,984.538485495129,8,2
180,1139.3434006299326,8,2
181,979.8289742081026,8,2
182,934.0713833921037,8,2
183,1135.067599220886,8,2
184,1019.8075461267462,8,2
185,1108.9828501076001,8,2
186,630.0957238181759,8,2
187,1142.7738370062298,8,2
188,856.7163791538684,8,2
189,1112.0579920985133,8,2
190,1101.9968773680064,8,2
191,1247.6901750186203,8,2
192,955.7938312245685,8,2
193,1106.7002700947178,8,2
194,1176.6643362151553,8,2
195,1347.2479667198065,8,2
196,1341.910153108014,8,2
197,1250.362788763792,8,2
198,1292.3729621969067,8,2
199,1254.0604370236492,8,2
200,1212.6729977723685,8,2
201,1568.6317532728272,8,2
202,1287.1620630749128,8,2
203,1594.7819787476312,8,2
204,1246.1141753020327,8,2
205,1355.1906274652165,8,2
206,1190.2586895280174,8,2
207,1312.8577025615837,8,2
208,1275.6668301928007,8,2
209,1754.9861676984435,8,2
210,1395.1399156542334,8,2
211,1917.0849939765583,8,2
212,1581.4758149272902,8,2
213,1581.6622895043406,8,2
214,1593.826413323402,8,2
215,1849.2511174806675,8,2
216,1628.8617300767041,8,2
217,2021.901556973356,8,2
218,1593.5584001730535,8,2
219,1821.3360522227817,8,2
220,2088.1989690194887,8,2
221,1596.2651222595584,8,2
222,1821.1325816345163,8,2
223,2498.2517451101726,8,2
224,1776.1005908685634,8,2
225,1892.1914706150226,8,2
226,2306.416486171,8,2
227,2216.6943113881775,8,2
228,1959.0063590639504,8,2
229,2299.459579795967,8,2
230,1771.40805982023,8,2
231,1795.3764613982821,8,2
232,1850.1091339033662,8,2
233,2220.6588036942476,8,2
234,2106.902935817001,8,2
235,2276.513369108955,8,2
236,3026.222320846917,8,2
237,2391.1596444767843,8,2
238,2040.6884067566266,8,2
239,2630.5833112555297,8,2
240,2595.6625667889175,8,2
241,2375.5569785775915,8,2
242,2616.5930610542955,8,2
243,2364.164141525426,8,2
244,2178.5045771135924,8,2
245,2715.495820777114,8,2
246,1925.6470718905032,8,2
247,2775.0153721938536,8,2
248,2403.32608656388,8,2
249,2391.868015275776,8,2
250,2447.8647440604864,8,2
251,3198.1460610931003,8,2
252,2799.714382026625,8,2
253,2722.7917236874814,8,2
254,2600.3914588964594,8,2
255,2819.349391894256,8,2
256,2852.214026208161,8,2
257,3168.584062499633,8,2
258,3035.0903146032665,8,2
259,2968.563421041873,8,2
260,2812.536781992424,8,2
261,2963.0192685380275,8,2
262,2990.160654439823,8,2
263,3160.309213621398,8,2
264,2773.2035457205866,8,2
265,2748.042950014359,8,2
266,2653.572507592097,8,2
267,3254.4189095056804,8,2
268,3450.253171192475,8,2
269,3403.6212838756865,8,2
270,3379.7052342762317,8,2
271,2926.175780890776,8,2
272,3000.3782190792467,8,2
273,3609.9052260588896,8,2
274,3127.8747670956886,8,2
275,3169.571300023885,8,2
276,2724.176658234398,8,2
277,3384.8526298696675,8,2
278,2843.125613542749,8,2
279,3096.013660304352,8,2
280,3012.401113863555,8,2
281,3276.4343645095687,8,2
282,3297.063309842531,8,2
283,3301.712951302174,8,2
284,3137.46277192691,8,2
285,3224.038125724274,8,2
286,3674.2316339511603,8,2
287,3497.035271268724,8,2
288,3286.5131355311014,8,2
289,3527.373937146916,8,2
290,3685.0082628453165,8,2
291,3373.8037227743544,8,2
292,3590.024187417892,8,2
293,3087.2007849018537,8,2
294,2978.8290283026454,8,2
295,4125.403756493014,8,2
296,3391.7724383195678,8,2
297,3380.6981857967326,8,2
298,4063.3104157295807,8,2
299,3616.8437011425754,8,2
300,3479.6342325230494,8,2
301,3748.7015672264056,8,2
302,3525.1027295188997,8,2
303,4056.5801716385813,8,2
304,3861.6021752238107,8,2
305,3693.2120057894404,8,2
306,3671.5627970856985,8,2
307,4183.489260013173,8,2
308,4233.588984768417,8,2
309,3961.441708444216,8,2
310,3992.3600681912835,8,2
311,3890.4716829231697,8,2
312,4019.4951689073823,8,2
313,3835.9899489980567,8,2
314,3979.853834379776,8,2
315,4285.394490896966,8,2
316,4531.382477673244,8,2
317,3848.7883913769288,8,2
318,4100.78071894699,8,2
319,3948.041846325393,8,2
320,3937.7638502290597,8,2
321,3862.7190967881525,8,2
322,3924.33283370929,8,2
323,4194.955208414227,8,2
324,3989.656057112772,8,2
325,4314.499893823428,8,2
326,4100.117119988076,8,2
327,4475.305567532307,8,2
328,3666.3617767151836,8,2
329,3820.4796505118816,8,2
330,4045.4890015422575,8,2
331,4065.754822995383,8,2
332,4199.707156028713,8,2
333,4412.522272126134,8,2
334,4273.28431046069,8,2
335,4116.237040124153,8,2
336,4265.139835993516,8,2
337,4464.98942366056,8,2
338,4412.351838626007,8,2
339,4391.337830402673,8,2
340,4248.316742669705,8,2
341,4334.669102411361,8,2
342,4419.268650340988,8,2
343,4203.811552608192,8,2
344,4796.442119298046,8,2
345,4222.169598804441,8,2
346,4015.6909876555474,8,2
347,4863.425218654455,8,2
348,4237.678953976671,8,2
349,4297.634000567018,8,2
350,4365.351464630162,8,2
351,4402.908702580388,8,2
352,4413.60249148787,8,2
353,4443.474481458199,8,2
354,4382.689515978087,8,2
355,3880.409949763273,8,2
356,4613.360166150887,8,2
357,4205.743545995454,8,2
358,4587.055736258945,8,2
359,4405.851419667819,8,2
360,4769.680662550476,8,2
361,4266.26619806388,8,2
362,4503.103656404605,8,2
363,4320.3038239167145,8,2
364,4682.2363916444265,8,2
